2.214004912776933,1.9781942032103208,0.6274540873009253,-0.0079917849451343,-0.0493259926802616,0.7474256972017328,-0.6624635121891627,-0.3506925725343485,0.0695061535116657,0.1756386697377405,0.3590514484317818,-0.0405259675787004,0.0032559488050931,-0.1146118559481103,0.0242680728744426,0.0668061645720121,0.8401545611542842,-0.100498166576666,0.245370497163345,-0.0395898541016915,-0.033575018099996,0.5367156271086482,-0.3965624966234313,-0.7686423768745961,-0.2582246544175247,0.0456646568108613,-0.4987947425733898,0.3378370073349893,-0.9085795402353236,0.3657327910027331
2.213468713096682,1.9826006953330773,0.6261802943973058,-0.0074641544117136,-0.0407932302893881,0.7484244832840208,-0.6619221945081778,-0.3427506625515604,0.0593020193896823,0.1800229670146544,0.3516487104466446,-0.0317723666790028,0.0027265403152909,-0.0821279719541267,0.0173915836452713,0.090817036774374,0.779618104901381,-0.0752666878564305,0.2188088334497114,-0.0637201811903038,-0.0122976602139823,0.539194663163309,-0.3995524028907081,-0.7757025319002264,-0.2672950951455201,0.0441817860986861,-0.4990060659677093,0.3353991541606,-0.8887422050988603,0.3683943224154885
2.2126616406563357,1.9873443095310896,0.6256194848785659,-0.0063418668244017,-0.0325940284714144,0.7512218571210377,-0.6592140255006761,-0.3294845107604646,0.0521690446495741,0.190624128139193,0.3334024513081111,-0.017164269558473,0.0013913764392015,-0.0435635289905631,0.009612689368793,0.108566648624323,0.7094212999671236,-0.091980844663823,0.1841160349641664,-0.0822062890628807,0.0189620581080479,0.5450389189731936,-0.3970090226227044,-0.7918895588239924,-0.2796579375496844,0.0462790173745699,-0.4966635511342432,0.3236322746660658,-0.8753038877588807,0.3639915931890557
2.2128397571358547,1.9929178955847384,0.6249006987428651,-0.0060165163737193,-0.0237726570348979,0.7542800575759865,-0.6560947012828201,-0.3174306695279011,0.0415460132684138,0.2029384892892262,0.313767356277107,-0.0004619741649273,0.0017987613070361,-0.0028542166517284,-0.0079223137545843,0.0928772010553876,0.6399625317885763,-0.1367895810764235,0.1573283779980437,-0.0983144073340328,0.0427403554731708,0.5412419022521714,-0.3942362267846246,-0.7984162172987157,-0.2957706913892797,0.0481044543110804,-0.492210397063195,0.3062284769388242,-0.8625991073047314,0.3517114354975258
2.213297073678998,1.9988497983153903,0.6247504236191765,-0.0060967181606524,-0.015390135337154,0.756957910716203,-0.6532539285500967,-0.3058660744200419,0.0298597060586049,0.2144953457804031,0.2903880203747271,0.0200761836622322,0.0031659761968164,0.0356551695375961,-0.0226685029488982,0.0662507552453443,0.5711801669439175,-0.1827645689672694,0.1113215084559949,-0.110415127153002,0.05847776859647,0.5309642974623994,-0.3924341223642207,-0.796153821253237,-0.3068900588142916,0.0529739573754085,-0.4870151901636478,0.2862718232879616,-0.8510746373078687,0.3278929014584161
2.212556208176581,2.0052920492102104,0.6246980448618957,-0.0059955611786883,-0.0080910170028897,0.7565436223057231,-0.6538656866960886,-0.2972781451221906,0.0189278285864492,0.2151310033254721,0.2663581005694905,0.0436690513745732,0.0034747027286101,0.0774982094172588,-0.0308003773301899,0.030727930395745,0.4914454293231485,-0.222704439001158,0.0729022658015062,-0.127885118647097,0.0581282979014965,0.5103169212870616,-0.3934791315734183,-0.7737778440311474,-0.3149735221215079,0.0531364602167068,-0.4739579036578766,0.2764936517402406,-0.8309468342594006,0.3029492629197836
2.2115020023523875,2.0143364628979543,0.6239361784436888,-0.0079135169070039,-0.0026271867039195,0.7578766497813522,-0.6523445852127384,-0.2994993087626078,0.0119127452950847,0.2216816900141077,0.2488817675608793,0.0671236071971374,0.0036987414450729,0.1003669629886592,-0.0366738915375732,0.0040550841565636,0.4305944442886356,-0.2584995158390226,0.0436203943965947,-0.1311469395474377,0.0575766204187463,0.4962361823700921,-0.3985438016988495,-0.760807910603155,-0.3160551403088627,0.0586975467996719,-0.4667043759903704,0.2699314785515532,-0.8121628329323789,0.2774613479676637
2.209920395393408,2.0248268028936574,0.6227079857513146,-0.0112367369179668,0.0009997054720556,0.7588313907728145,-0.6511894169212225,-0.3095202747191297,0.0070406658235565,0.2269104843801757,0.234594116623841,0.0909813729656458,0.0052329094646827,0.1061512259498623,-0.0401131739310631,-0.0073871371084025,0.392245424213331,-0.2895666719424563,0.0279293859724778,-0.1305488258917657,0.0565857737863663,0.4862175337673897,-0.4065373980602628,-0.75750933568449,-0.3204642445440222,0.0651240754318171,-0.4596821233200993,0.2725631209007013,-0.7947727637320774,0.2631249083045979
2.2075795688687463,2.036135761500044,0.6210392495146299,-0.0148704518253807,0.0033238493187256,0.7561330729876142,-0.6542404738492739,-0.325232553916073,0.0014297207030761,0.2189827629846203,0.2223467254316062,0.1156891074320404,0.0053361758487392,0.1057379995591472,-0.0401722660667113,-0.0225897332930046,0.3634107109681247,-0.3185208413257548,0.022736298374628,-0.1389188593189368,0.0513492949318473,0.4770015642216793,-0.4201710297344406,-0.7565101175283495,-0.3348953692646805,0.0645242182292799,-0.4463312671112927,0.2887491546930407,-0.7721270718038303,0.2668370054930712
2.205288151386874,2.047498591672442,0.6195541764981372,-0.0194731586726623,0.0047619986606966,0.7552940991383392,-0.6550793411998802,-0.341085956944974,-0.0026337693915951,0.2174619943743338,0.206727262143646,0.1414379697793986,0.0074025702104386,0.0945104693212326,-0.0416455673264684,-0.0297943005192769,0.3496041946410039,-0.3423901984027011,0.0216986324978257,-0.1356380969230864,0.0489079156402486,0.4750561663538322,-0.43798346390878,-0.7725996765660621,-0.3555226190524385,0.0697114945313995,-0.4371363591830565,0.3082298740266931,-0.7587768719283353,0.2698041620634703
2.2028960659257084,2.0589748378550072,0.6180060831103537,-0.0249252586201437,0.005465005038357,0.7540261036605371,-0.656348611791903,-0.3588902144880124,-0.0070856193318136,0.2156864006123805,0.1903113672137606,0.1674743727575324,0.0107941943584899,0.0775291769784522,-0.0428237139494251,-0.03571600869665,0.3431501487951229,-0.3636927993710694,0.0202472044358813,-0.1276849724513782,0.0472141898773832,0.4784415071414338,-0.4548245577097831,-0.7997369767350953,-0.3826063614200829,0.0781724122560216,-0.4301449098228977,0.3293779428297129,-0.7519469445245953,0.2721839292219861
2.199716265534876,2.0710043017115125,0.6160605228931056,-0.0288868921341556,0.0052643385552254,0.749796674436201,-0.6610164757453619,-0.378255587177272,-0.009749925709263,0.2056150006950546,0.1752887060594964,0.1940516560877,0.0081587225081368,0.0584754883312778,-0.0377454159424707,-0.0473108712891775,0.3441453811699522,-0.3831081556211458,0.0140190875824755,-0.1232002239548906,0.0513258190430827,0.485436069809526,-0.462882234357923,-0.8313171635010982,-0.4170611883858275,0.0873343362737044,-0.4180309489011287,0.3560183169817653,-0.7435535252087243,0.2739379578538712
2.1975650127394046,2.083071821539115,0.6138901652294904,-0.0335994240076144,0.0049591281770405,0.7434443334886037,-0.6679348836209749,-0.400649272597117,-0.0165224557263975,0.1923531333576306,0.1635127919530462,0.2141958066014818,-0.006242662561763,0.0349115537209115,-0.0354499134982148,-0.062014362513339,0.3529825640064779,-0.400941993535564,0.0074051782114657,-0.1176992819615304,0.0566928848167972,0.4881240457948291,-0.4605928281134358,-0.8666148976702956,-0.44697537274622,0.0974452839424455,-0.4109233547763279,0.3781930889893586,-0.734447488771288,0.2746332615727989
2.196401313176161,2.095143960683404,0.6119538839030596,-0.0371138129352699,0.0046613090617619,0.7359761535833237,-0.6759733267251984,-0.4202832192138431,-0.0239650015439728,0.1701526081654016,0.1510777902160596,0.2275516050207645,-0.0451104352648643,0.0056102369756181,-0.0347296906102055,-0.0794255307139835,0.3781710040075552,-0.4145379474312829,0.0019170188579487,-0.1107913884795682,0.0658590672403979,0.4855224760321169,-0.4482023840696589,-0.8999790043270668,-0.46941545808897,0.1082850102637798,-0.4040583033253648,0.3978284716911144,-0.7195899079023409,0.2755676440076913
2.1944592536656824,2.1091324820337736,0.6108500319181744,-0.0385272629596849,0.0044583797777001,0.7269898935860931,-0.6855519436791595,-0.4378723337324534,-0.0298462878502201,0.1569411838174831,0.1428281177556442,0.2427970081274362,-0.1064223377845275,-0.0290664336887788,-0.0315960344810323,-0.1028569081796292,0.4158727955072588,-0.4254478193019044,-0.005854644605529,-0.1080464846543435,0.0838665282121092,0.483598761405734,-0.4284214326197522,-0.9302308293952264,-0.4851466885732642,0.1131604662014855,-0.3908228133301425,0.4210232048148992,-0.6882802559193024,0.2761814459770671
2.193213455356023,2.1245952803096047,0.6115453297651302,-0.040947937838258,0.0051468678203334,0.7185302758176979,-0.6942701339333102,-0.4517118603660961,-0.0403679950718543,0.1655341544662656,0.1394131640754069,0.246563781775995,-0.1638404584429987,-0.0642775751437503,-0.0343435388038345,-0.1246797863318114,0.4456153040013935,-0.4250888797850327,-0.0125368369679769,-0.1040646757158894,0.1003239602468114,0.4813353948067346,-0.4164015042640082,-0.9519147148950268,-0.4896885849730102,0.1113391559564714,-0.3795449299204769,0.4398768093768547,-0.6447762038499789,0.2745327399087132
2.1921440693170786,2.1408250473482053,0.6134307820951889,-0.0428724407272359,0.0063056390697082,0.7109595470471243,-0.7018965131731025,-0.4565448268993829,-0.0520682534073679,0.1562691590045122,0.14324840888059,0.2426209055857074,-0.1654378614481335,-0.0954657266448649,-0.0382500737702277,-0.1432247188238487,0.4630195616315714,-0.4133136801428312,-0.0195128239759881,-0.0978351240754761,0.1147377580746671,0.4817619527276657,-0.4191513268834598,-0.9590754493222788,-0.4904750580094125,0.10480165360345,-0.3644426048089303,0.4537151721279903,-0.5938763432895672,0.2698446836213435
2.1912101584851857,2.156887679346596,0.6162254314246672,-0.044460927660152,0.0081523003070138,0.7031299657413089,-0.7096231515303935,-0.4535134856841354,-0.0654329417075271,0.149324704495677,0.1544144554837491,0.2285965131736202,-0.1234756977656018,-0.1191165789266964,-0.0433897296607817,-0.1620647683636626,0.4651145075748791,-0.3921003939360699,-0.0268808062021785,-0.0908358010970933,0.1239481590941214,0.4831591121058715,-0.4357046131526673,-0.9527733874719084,-0.4922294470936847,0.0967502064325639,-0.3475044252502169,0.4628929489422967,-0.5489357335835146,0.262946759754682
2.191764806960541,2.171543808410086,0.6182237256641233,-0.0466693519451948,0.0101022860303415,0.6967959450882351,-0.7156782281965612,-0.4408044998692697,-0.078490781651248,0.1427931166069619,0.1668113692386106,0.2142941060564505,-0.1070440526465733,-0.1413588218901696,-0.0528542072408541,-0.1756655591886217,0.4669102735519754,-0.3729890647420345,-0.0313006156470792,-0.074944114142154,0.1258060648686877,0.4836777750744451,-0.4580965009935392,-0.9411550923175932,-0.4957456678416018,0.095026830586251,-0.339969389396712,0.4675081967915824,-0.5311842105888791,0.2557296579512012
2.192065436295976,2.1864185982754387,0.6195239636534973,-0.0479790338179419,0.0112400435755996,0.6902113756902362,-0.7219279261824593,-0.4235509987120053,-0.0868787287538139,0.1241961614326269,0.1889342109627993,0.1932958034150793,-0.1048435386903976,-0.163235190772832,-0.0601727146931932,-0.1899595023163406,0.4681474093334343,-0.3555475058402321,-0.0361443574698102,-0.0545789558312627,0.1216557569472133,0.4846276882543326,-0.4775266529388572,-0.921792546777275,-0.4984724240736916,0.0962629030212505,-0.3384391658526735,0.4790721874572347,-0.5379564687760031,0.2507611390146607
2.191995784435912,2.2012665218588894,0.6199172083565657,-0.0487521725445805,0.0110920511701034,0.6830106144144028,-0.7286951987424389,-0.4051729700293237,-0.0923368844341208,0.0957695694580845,0.2213226069006412,0.1661470747781612,-0.0920605264572587,-0.1865042856044204,-0.0657156544494126,-0.2058908310574193,0.4718571379017102,-0.3416940467087841,-0.0389837932561195,-0.0308486345710053,0.1115343824098262,0.4847858468728874,-0.4868640192203432,-0.8963242009191371,-0.4948795302508261,0.0993826674639821,-0.3485818318242618,0.4976308824437088,-0.5659363425768357,0.2524475332424321
2.191273108807646,2.2162462310686566,0.6202670137019475,-0.0488196368686879,0.0103249456785383,0.6737982575679755,-0.7372285579459766,-0.3896132360497141,-0.0977789212301346,0.0553414332769686,0.2657024775062488,0.1099933130819917,-0.0626757879282193,-0.2080580482337959,-0.0703711741309879,-0.2278381641076446,0.4731181476332359,-0.3263027873210982,-0.0406352308336678,-0.0113569961442797,0.0958670542319082,0.4832302122836991,-0.486044972368687,-0.8601228266549807,-0.4805549054695266,0.1034028645229466,-0.3684927680094774,0.5210490574103601,-0.605622130520435,0.2646142714540073
2.1919109641376555,2.230882318532548,0.6210938115776936,-0.0511403219377108,0.0102071561668531,0.6653476672881545,-0.744709985879942,-0.3749000291352299,-0.1067079172236027,0.0192129257265532,0.300127673959855,0.0488521553034303,-0.0574928766174464,-0.2310951016496056,-0.0826510145515841,-0.2449472867772556,0.4741717899348241,-0.3097123321033492,-0.0376213940078115,0.0095567060387394,0.0794289474237368,0.4780487896017039,-0.4780117605046906,-0.8279341301304192,-0.4570250537942606,0.1075329912549395,-0.4023185418694269,0.5379026930551788,-0.6446797720865249,0.283433908953462
2.1939535261258967,2.243640854956629,0.6206225668483394,-0.0544224279700707,0.0108181287513361,0.6605238281446322,-0.7487519214515057,-0.3720497125967851,-0.1150659604833119,0.0115276057085379,0.3473654787217038,-0.0140560235923482,-0.0520029286942604,-0.2592090180851729,-0.0996479162182142,-0.2493361678533595,0.4918895420261381,-0.3041487099021014,-0.0311707838810516,0.0371978117331355,0.0495799360350202,0.4669635344119936,-0.488663731045176,-0.7740257625553038,-0.4121894528419204,0.1824040117493784,-0.4778129415826598,0.4954760971739158,-0.7645384440169074,0.3126166546991189
2.194067787344072,2.2562143490984745,0.6219336717028663,-0.0557596199916326,0.0106226494541716,0.6525092404161408,-0.7556518479223834,-0.3611472942076706,-0.116774676305032,0.0280601472345094,0.3714086052220572,-0.0375288869539216,-0.0446375476829358,-0.2738631818395225,-0.1093306438598205,-0.265261195420307,0.4834162925373798,-0.2857822759539037,-0.028341222569341,0.0503980008056257,0.0394879502636411,0.4619695559996113,-0.4857135319560069,-0.7429075802740642,-0.3861232612818833,0.1949957586024673,-0.5116529804561353,0.4874581076545868,-0.7925541521802228,0.3256833401315934
2.1937968800013183,2.269021571413928,0.6230921544010036,-0.0561658148422262,0.0092616046535557,0.6442007174601502,-0.7627352486585222,-0.3551060907507026,-0.1108625341223407,0.0717194554818385,0.4109729014561494,-0.0570272261134798,-0.0336705838560832,-0.2874877122471432,-0.1157830630435699,-0.2827082569344434,0.4711234327741377,-0.2652550640846508,-0.0265494918139002,0.0607611981294495,0.034328287190956,0.4573978557825424,-0.4832962404941892,-0.7221437057463735,-0.3712713800473215,0.1925202467618018,-0.5347509926052579,0.4800467071499911,-0.7996094110506344,0.3277402639045121
2.192996949299091,2.281763090803881,0.6240151636799567,-0.0548829731720851,0.0071370751116493,0.6345106602202799,-0.7709300509653692,-0.3528943170889209,-0.100571409803075,0.1022663617159786,0.4765404695996403,-0.0800293827210111,-0.0286231747237342,-0.2978346109772645,-0.119137953503388,-0.3058469120932301,0.4554404567398655,-0.2434952978842582,-0.0253397591479946,0.0667752957610701,0.030397894684633,0.4532612941418648,-0.4835010422688271,-0.7081645010688504,-0.3643497429732537,0.1798571951879842,-0.5482053599003162,0.4691816087731841,-0.7989171305445271,0.3272847898382852
2.192515249381364,2.294497919172526,0.6244421507166779,-0.0532073321456939,0.0047477485321367,0.6254942267257414,-0.7783979772729243,-0.354433200370121,-0.0921523843069863,0.1018592711807267,0.5651553195454833,-0.1054586217334811,-0.0284839211262969,-0.3089651668180643,-0.1223981900334674,-0.3270052913878246,0.4414340862591842,-0.2222084334787226,-0.0232295872508335,0.0729044932726299,0.0283833947947528,0.4505347716913296,-0.4825546910901417,-0.7042677119141365,-0.3595150502606304,0.1661596910969372,-0.5646308975772275,0.4535535598367742,-0.8059229013647877,0.3241293171861397
2.1931031910989245,2.307857899254825,0.6242666562652427,-0.052840599241603,0.0024200526312294,0.6196821488032094,-0.7830683551719401,-0.3555259369832511,-0.0894918381658369,0.0858954909347145,0.663112694900595,-0.129165382099818,-0.0323507840617556,-0.3263594013380811,-0.1282028747582643,-0.3359437240821842,0.4331653541842795,-0.2017536006798637,-0.0192951221313473,0.0839290617323697,0.0290067090397587,0.4481305516151581,-0.4762976033387613,-0.7112576393915714,-0.3560352902634712,0.1589329018147469,-0.5947411907573831,0.4338461715493497,-0.8292504128107901,0.3154811721439965
2.1932749899769948,2.3202507043067566,0.6233319621465447,-0.0501111597504994,9.310297002800135e-05,0.6138213299320764,-0.7878529291185724,-0.3516618523472698,-0.0792941694547599,0.0655222971906301,0.7709961317929126,-0.1471273443360312,-0.0464021632393632,-0.34045689796038,-0.1307981054513761,-0.3490734707027064,0.4279921258573888,-0.184270359817706,-0.0149066283922152,0.0926140212686483,0.0318682587573847,0.4457755208549199,-0.4666965262642674,-0.7193211334079255,-0.3618853789233908,0.1531552360826737,-0.6195947334393938,0.4125593150136533,-0.8569738947467352,0.3079461880215994
2.194268525705995,2.333974885900876,0.6222929484325687,-0.0495894726004302,-0.0019279184615086,0.6123283945532412,-0.7890444249606404,-0.3463969788718391,-0.0711924264298378,0.052373887336213,0.8733063491215289,-0.1542961927120567,-0.0483793280170726,-0.3619623497236201,-0.1344416583034808,-0.342096579479806,0.4237378853084418,-0.1637191866928957,-0.0090736340364769,0.1064002758077678,0.0412537107645142,0.4383507727035632,-0.443012307810468,-0.7364832587372018,-0.3656536047636199,0.1563285925660519,-0.6599575838923387,0.3892065908770198,-0.8979568679530462,0.2994999778869527
2.1947375313517896,2.3455767614208374,0.6211685619341439,-0.0450046714502735,-0.0030350742267551,0.6094968978285205,-0.7915042005002257,-0.3280586085807795,-0.0597353221238317,0.0250610619708113,0.9634778085067522,-0.160084200294979,-0.056971350863498,-0.3713730082984255,-0.1339234981461189,-0.3498260811683786,0.4163069226871332,-0.1449281652873903,-0.0011023071536023,0.1156833475435534,0.0528357938803334,0.4253999839870693,-0.4188588296064303,-0.7496243225183271,-0.3721102117765741,0.1441391657251649,-0.6723165867059875,0.3679392632081129,-0.917586456006482,0.3042822992452667
2.195268719506248,2.3576008155504327,0.6192994018028061,-0.0392092850814311,-0.0043317422367776,0.6084176036717364,-0.7926360372295341,-0.3023446906431708,-0.0485790449849937,-0.0062643065286637,1.0310358007846174,-0.1571744928082777,-0.0677716027987442,-0.3815784897305813,-0.1300012330974903,-0.3545964357333757,0.4091409326955266,-0.1228043864915214,0.0037133095394292,0.1239495875636614,0.0737804673216478,0.4143328233971309,-0.3926883672560476,-0.7731950470129471,-0.3745978443487792,0.1239469414130114,-0.6681115845393486,0.3374870972617858,-0.929024549066481,0.311568466794921
2.196448717843429,2.369304282676117,0.617247389095691,-0.0324551741652439,-0.0050083495173987,0.608613679060467,-0.7927868362715783,-0.2685434871696438,-0.0437836605056944,-0.0485853547088254,1.0728451895747082,-0.1538841218004711,-0.076784343655138,-0.3877286232730391,-0.123706451569878,-0.3572007746214938,0.3955416334821717,-0.0925120393132856,0.00229689368255,0.1301074387537935,0.1024664118649397,0.4070728355167729,-0.3736692941948312,-0.8036859414796288,-0.375447457352949,0.0962371054552764,-0.6468851510801286,0.2971426241891566,-0.9328613510913188,0.3083720488012547
2.198123641072533,2.381222384977606,0.6147649738174396,-0.0251989389982058,-0.0056524032507208,0.6085700077112809,-0.7930798254432829,-0.2318699338083872,-0.0421905815649076,-0.0938773700314503,1.0879895972572653,-0.1652365942426251,-0.0913071268098787,-0.3914882749581339,-0.1170647551602559,-0.3605177019343919,0.3765843006519938,-0.05523292272617,0.0014212199447049,0.1333186580478416,0.131462546512697,0.4025185943436278,-0.364611210451114,-0.8298832815536383,-0.3783417622994815,0.0695576451052439,-0.6201516931725419,0.252394908888059,-0.9394441708640616,0.2845325514303145
2.19892981170099,2.392593927745601,0.6126094262380434,-0.017985708833697,-0.0064507041753015,0.6076653789769799,-0.7939632799356381,-0.1916808080838105,-0.0303682628049254,-0.1246490640120707,1.0592011287360583,-0.1573118745399952,-0.0645033288742873,-0.3919831982999343,-0.1083283307381822,-0.366672199032419,0.3508079941773938,-0.0135288034151028,-0.0020518666191133,0.134971336959375,0.1527359331528418,0.3984157977817866,-0.3647046149129858,-0.8405204623321512,-0.3802821391539157,0.0534522878829215,-0.5995550570631976,0.2117696100969281,-0.9575445755049794,0.2484610135607962
2.1997512733026343,2.4054503774444225,0.609650973690669,-0.0120187794674401,-0.0084049729449125,0.6072310637577288,-0.7943899172179653,-0.1560752159327436,-0.0151974951721673,-0.1438334639325132,0.9877936071663622,-0.168280843368204,-0.0304598859871775,-0.3995176420068465,-0.1008843571172514,-0.3711396547292468,0.3281413205315763,0.0287029716231833,-0.0055148475018069,0.1379786943132865,0.1612118016940259,0.3953916959516899,-0.3748725299000151,-0.8305390964330484,-0.3741487812512928,0.0482115924773909,-0.5889139529849925,0.1825303624713968,-0.986928896401198,0.2219996122355971
2.2008571090963773,2.4210743560546266,0.6056561015099043,-0.0087643950201511,-0.0124888169052211,0.6093672618600642,-0.7927412913463043,-0.1266824546572886,-0.003602327230553,-0.1597126424883802,0.886894893545005,-0.1911228888363385,-0.0404299928243212,-0.4229957474284118,-0.0958045479807057,-0.3687689191845875,0.3159415921497076,0.0683659968062973,-0.0090326975844362,0.1439791403494874,0.1545564707769633,0.393929429662325,-0.397536513973544,-0.8013709042432527,-0.3583261005691347,0.046191881558996,-0.5865465883693359,0.1699610862584001,-1.021424581658147,0.2197358522684286
2.2002310208469447,2.4392438683413755,0.6013261283257604,-0.0097070910353233,-0.0195708911573441,0.6131275516736212,-0.7896818080604682,-0.1140557260511697,0.0045215946892651,-0.1582456713836752,0.8106708316779982,-0.2914661486198065,-0.0444608546530785,-0.4633398129204246,-0.0907012522180284,-0.3641620204875461,0.3100615910448874,0.1050402217291705,-0.0176349459610791,0.146665701213958,0.1336279196798112,0.3921173379233884,-0.432632474782956,-0.7587994696411453,-0.3379633597675774,0.0395077336405319,-0.590259943089025,0.1762058886231821,-1.055105847378712,0.2407797662008068
2.1983283833047174,2.4612617833871906,0.5949537131773263,-0.0152255845028606,-0.0316987656431485,0.6178231581584243,-0.7855303400101089,-0.1374071128230272,0.0109981090523994,-0.1344789616527479,0.7782846351359336,-0.4126964745189615,-0.0218667179029714,-0.5281911663520295,-0.0864714630502613,-0.3596763303975258,0.3177225915171464,0.1342044126785457,-0.0271101156733135,0.14225626662749,0.1029835803419354,0.3902547854933812,-0.4760192714010021,-0.7148089202247995,-0.3194596348251495,0.0225997907543595,-0.5963321626491942,0.1972721308774202,-1.0854140273832205,0.2796318173455154
2.196624531757827,2.486723640509155,0.5859987840653776,-0.0247645753915285,-0.0486822156797998,0.6227350244549196,-0.7805240848297467,-0.2046829463512058,0.0134081341945989,-0.1156307652592695,0.7971746353217534,-0.5246264659805482,-0.0209138117294424,-0.6144012725408753,-0.0840591988348702,-0.3515845890028419,0.3352730329586929,0.1601018258126604,-0.035397735725186,0.1305097044078622,0.0694807949987499,0.3927494342051282,-0.527834046631966,-0.6852544775847625,-0.3012726489493929,-0.0013995707544331,-0.5978358626504092,0.2189625916130555,-1.1144559303912984,0.3420570877843606
2.193323728893239,2.5085192928772857,0.5819510307011143,-0.0312450875927141,-0.0608745126630221,0.62163310455478,-0.7803142453723045,-0.2611698003915917,0.0164385975634404,-0.1155460074381204,0.8027450386489593,-0.5499991946104553,-0.0248545366167665,-0.6627251665547591,-0.0833713188174625,-0.364421814184767,0.3134717265101294,0.1760805065381813,-0.0254978429900256,0.1001830160172213,0.0464081444739969,0.3820186919840611,-0.5775091001267835,-0.6576044619323504,-0.3120437362669165,-0.021687873470378,-0.5781470940027299,0.2432426965007393,-1.1204533543140855,0.4214698291830139
2.190941721571677,2.5311348555497943,0.580244511893003,-0.0381589385186571,-0.0735669073691615,0.6175936102000499,-0.7821188772759134,-0.3299367930420754,0.0135917544432613,-0.1210957669166784,0.8203728848492139,-0.5499999999949663,-0.0158254115184993,-0.7012891747449161,-0.0845538233339154,-0.3720616014870826,0.2750432190604303,0.1697990560550633,0.0064068524000604,0.0650755353341755,0.0206901055699352,0.3874439811751361,-0.6259328694314528,-0.6486481409739954,-0.3237238575525824,-0.0269772046805699,-0.5555880664623625,0.2469717758181219,-1.133379805947186,0.497374068278443
2.1904315370581946,2.5517025974736227,0.5809155863251884,-0.0379352012174478,-0.0788597831703641,0.6157958891369408,-0.7830309559838357,-0.380794675973002,0.0083819396017284,-0.1242422751316016,0.844910833166631,-0.55,0.0013224279591688,-0.7057311090302756,-0.0835156564381441,-0.3916055818869079,0.2243651318694319,0.1208844104734666,0.0689166611755814,0.0470510976763688,-0.0040659489847106,0.3924415484597817,-0.6643889533613244,-0.6296912898436159,-0.3404892142851726,0.0046638519453906,-0.5336062690426023,0.2417629245274264,-1.1351060175932994,0.5357127711256575
2.1928263437141977,2.566456873469193,0.585936062616375,-0.0309764093182291,-0.0749773228168133,0.6225099114584318,-0.7783959617476109,-0.3801833541990235,0.0084791567133274,-0.110273463830869,0.8246048128104624,-0.5457842974967266,0.0163173690606481,-0.6732655805613321,-0.070480080227139,-0.4268444161825648,0.179124053270097,0.059429365089166,0.1169652138989055,0.0618204552765993,-0.0276586068681887,0.3882605226056825,-0.6693943661147521,-0.5906770407027276,-0.3560569645751751,0.0710603423335548,-0.5350971911522836,0.2522879094240382,-1.1123152038813342,0.4859522486592517
2.197136342114827,2.575812613911881,0.598063645534639,-0.020016149909725,-0.0626762921504112,0.6372520591531601,-0.7678416824125426,-0.3203966056134612,0.0124324839270507,-0.0782263838892113,0.723072478354754,-0.4787559823570773,0.0322993094823208,-0.6044454131012497,-0.0472756562968731,-0.4578901121058087,0.1632758475849925,0.0563726858605817,0.115423142611215,0.0974794975753818,-0.0219931899547084,0.3860034627188587,-0.6142581073131362,-0.567121536061643,-0.3563090115008408,0.1483498929522831,-0.5643430244803008,0.3175207417170834,-1.0579386302831122,0.3624483659958009
2.199174889432644,2.587909687200864,0.6086769213070607,-0.0111862288185967,-0.0526941231561896,0.6520524230944121,-0.7562577835674311,-0.2713281384685291,0.017656957196537,-0.0448487129140968,0.623661025642282,-0.4087737237036011,0.0400248400001741,-0.5431516047796311,-0.0276639330728965,-0.4514277450803796,0.1911553340119791,0.0534765779569242,0.0865791165879596,0.1238745236462647,-0.014698823071292,0.3811754587473815,-0.5246385167656484,-0.5528082011822151,-0.3217287029619398,0.1986821647627933,-0.5786165254581717,0.4136146285435064,-0.9883025258872782,0.3277360148947982
2.1991003285780466,2.6021691362917205,0.6151449735641258,-0.0064597216525643,-0.0457539585922255,0.663402231455801,-0.7468348723571867,-0.2469851649772826,0.0198796107171517,-0.0186769079897948,0.5532619567469093,-0.3524915083150833,0.0436069387240572,-0.4974355906696376,-0.0163980048555458,-0.3909847868087068,0.2538028538695405,0.0450638747748805,0.0710386472619975,0.1272090934545825,0.0039925492923399,0.3773050534707418,-0.4307742255757485,-0.570123708279682,-0.2613159238753083,0.2312180669272736,-0.5864628585811525,0.4976035178470356,-0.9334045739553732,0.3951977015632302
2.1963660576471806,2.6198300210540664,0.6183941804626486,-0.0051624274383718,-0.0457328743590856,0.6707721715144216,-0.740234116660145,-0.257787193615292,0.027633993554583,-0.0037998431847724,0.5199109748752802,-0.3127342226485397,0.0436339647933692,-0.4732228073004046,-0.0037430068567898,-0.3123935983775022,0.3396806056969653,0.0084786053760818,0.0607391899284846,0.1040817483973518,0.0415966529859676,0.3962483977319694,-0.3535107011834379,-0.6422306422761895,-0.1915451409973013,0.2540074176687973,-0.6000181510532641,0.5366774821048806,-0.9248341634434376,0.4856776268095984
2.1937139946663797,2.638270579129742,0.6192848987411813,-0.0066569260912916,-0.0468724226112609,0.6770601090378664,-0.7344033429139585,-0.283283740238928,0.0323988586782786,0.0096742666150033,0.5074780856453169,-0.2839034486723832,0.0465666748795676,-0.4574850034653692,0.0053284718684959,-0.2475346235120198,0.4392025233980033,-0.0421537950505554,0.0484275471831524,0.0694048276669318,0.0860617991860377,0.4263014223711357,-0.3058151356676026,-0.744505377800072,-0.1468449136749825,0.2729582830564729,-0.6168713059420783,0.5250913737427063,-0.9369190559647326,0.5157075657118633
2.1913843184059605,2.655721687571052,0.6190536508938375,-0.0077255777618286,-0.0475536889705116,0.6848287055124271,-0.7271097621540464,-0.3104348165060576,0.0390150257208308,0.0269542835524167,0.5074458808085142,-0.2625840286326718,0.0506968902708441,-0.436237954386858,0.0083364631568925,-0.215456170923865,0.5373826455797333,-0.1107425269456137,0.0510570343612175,0.0388963127067437,0.1280762713444855,0.4661368924491075,-0.2755770819769919,-0.8486024334006842,-0.1428939906422686,0.2822617235487577,-0.6232913127184465,0.4803473763258363,-0.9376617161986184,0.4599985383871834
2.1900591594274337,2.6718880317903992,0.6191490091363476,-0.0061441080623451,-0.0475919193050817,0.6950840499098863,-0.7173251861700147,-0.3298810073817163,0.0503505981360659,0.0486438945385747,0.5067726690664519,-0.2428088651740106,0.0547638386402726,-0.4007076148778077,0.0075575009324062,-0.2142292221868323,0.6207538012661045,-0.1678982087186706,0.0443288390428024,0.0223965685295048,0.1527397027706298,0.5074924227738343,-0.2621925839007939,-0.920243485641671,-0.1674353435657172,0.2738905127748304,-0.6055061948887226,0.4209679369621628,-0.8997365330474856,0.3621120854009158
2.1909561096819856,2.684847910348466,0.6196194975755503,-0.0032011462992476,-0.0422991943989134,0.7069009535048448,-0.706039356374355,-0.329895767138271,0.0544558194742103,0.0768101296446058,0.495382791632481,-0.2232370331311063,0.0616956356858241,-0.347762191976376,-0.0057507500315506,-0.2171787704273651,0.6921783895728925,-0.2102784078776497,0.0269037754965793,0.0180200738745547,0.1510104201240713,0.522441583832759,-0.270819104028201,-0.942740125558756,-0.209608374138598,0.253470253661831,-0.5701319701479355,0.3589481962101539,-0.8148511348796225,0.2751043705954959
2.192041521063863,2.6979360857879264,0.6197830399365544,-0.0009934532252591,-0.037813184427509,0.7175609609664342,-0.6954677874862838,-0.3324819272207439,0.0576745970323901,0.0999290403924849,0.4837655400957893,-0.2027681665977493,0.0681186970117164,-0.2934800645621011,-0.0183851566772496,-0.208320088738914,0.7455587555954872,-0.2375184406680624,0.0255579254936778,0.0152108783343326,0.1456005486037794,0.5412474138724754,-0.2811841166018803,-0.9531607174236932,-0.2388705864047732,0.231111737858342,-0.5343848754025002,0.3040260292612055,-0.730395732921064,0.2077130104592252
2.1930395289176863,2.7089069641029737,0.6197817290260291,-0.0004810971957659,-0.0299885364871195,0.7267843525789487,-0.6862105807048202,-0.3262365916719174,0.0530476779963322,0.1239478321600741,0.4626737272264028,-0.1797621411018247,0.0706574520663399,-0.2336578655835143,-0.0314686289433092,-0.1776191723701402,0.7823530768969189,-0.2442006868625106,0.044006746102314,0.0091683050179842,0.1291485317127892,0.5427273339182864,-0.2936880791083649,-0.9457978415832472,-0.2615319483345159,0.2102457237026665,-0.5067994344448045,0.2797968973261954,-0.6619615208490017,0.1710179442249351
2.1926932876047616,2.7196025625579248,0.6195159339173204,-0.0013398472189423,-0.0222795688570693,0.7337661018052378,-0.6790354434508683,-0.3221155384350307,0.0470071452165617,0.1417004329522841,0.4404427329872136,-0.1561629423865619,0.0701182009453618,-0.1723167399771022,-0.0399200472574617,-0.1326983143852466,0.7982325058278306,-0.2369398777647579,0.0729046933038637,-0.0025513972439369,0.1051544008201618,0.5417235846549509,-0.3069025610619728,-0.9286156744581016,-0.2791613144769651,0.1945773736090253,-0.486613501982126,0.2862164533171238,-0.6314935350151044,0.1670111780156656
2.1917183496367896,2.731056346489208,0.618970168301623,-0.0035088256042545,-0.0156552118739313,0.7402000411611894,-0.6721952852773022,-0.3231452110017188,0.0416437371882541,0.1573710164212127,0.4195560895314485,-0.1316584867864566,0.0697047397654873,-0.1169854821673677,-0.0473459919601156,-0.0849130321179558,0.7974014374921304,-0.2262773806026328,0.1053414099247663,-0.0147372583232081,0.0842577180695908,0.5437517098943426,-0.3171035603351391,-0.9152857130331552,-0.2913506720779643,0.1798349019775094,-0.470750242507847,0.3115362398599433,-0.6307975150415939,0.1947158248168933
2.190475391930419,2.743506986213218,0.6180389603044646,-0.0069407319897655,-0.0105816846375363,0.7461330464349619,-0.6656765965597407,-0.3315161002250907,0.0374735537760072,0.1709337013136729,0.4032706793987875,-0.1086643182907349,0.0712683935831575,-0.0712156308239984,-0.0552107021877724,-0.040435991477159,0.7840053675422697,-0.2215017152823218,0.1191212061517436,-0.0279949243348983,0.0658930531397278,0.5464727921723186,-0.3253807100537416,-0.9048768180239534,-0.2994928803409201,0.165243916645209,-0.4580183056426408,0.3360323332915855,-0.6507124001555322,0.2479469771061322
2.18893168129344,2.757469648340246,0.6163982073197499,-0.0118702260278949,-0.0071167651521665,0.7513988889002,-0.6597030840820433,-0.3490474407930022,0.0345144465312341,0.1817510250886192,0.3929059551633228,-0.0874369286000822,0.0753205530404126,-0.0381971965998311,-0.062121172702433,0.0023299881978614,0.7582489419514826,-0.2172873285032551,0.1235419265379283,-0.0418899850035451,0.04917876866651,0.5489139018333101,-0.3337424538377279,-0.8983844844178112,-0.3067410085145399,0.1509604869714866,-0.4487541931126148,0.3469813076777405,-0.6820264994517532,0.3031183618598689
2.187722852050189,2.772972864086212,0.6143133837803477,-0.018402635408488,-0.004671744098496,0.7564296482351803,-0.6537994379684806,-0.3734124347879085,0.0319707170278839,0.191597802600248,0.3852741103733114,-0.0695771104674005,0.0728109499680207,-0.0220729224734472,-0.0690145152376353,0.0350812241268081,0.7089505216989884,-0.2381977935740427,0.1188851841050133,-0.0538663004932807,0.0334375009981245,0.5493913198828202,-0.3419006348889478,-0.8968552001819876,-0.3184532208846786,0.1374056145946244,-0.4433189157683667,0.3404510646876733,-0.7189181693022736,0.339926369987192
2.187140791939818,2.787841715738267,0.6135538277902717,-0.0247144261285823,-0.0034325159953156,0.7619347170226193,-0.6471730077581551,-0.3928082484141734,0.0305228095167387,0.2024074181195763,0.36661995517779,-0.0508760276618632,0.069163021742382,-0.0215756661450946,-0.0747427233517257,0.0422697334726834,0.6529050269274835,-0.2825890020795725,0.0918498663857803,-0.0600163157525897,0.0248202255678437,0.5509221476468419,-0.3441937732003654,-0.906583066265924,-0.3367991319868035,0.1319853737768365,-0.4407996944513273,0.3148805808909504,-0.7660965750114277,0.352120609752569
2.1861042434173563,2.803155327874732,0.6134261982944048,-0.0310996117887531,-0.002559124582876,0.7660207373627727,-0.6420580152588634,-0.4094582904663102,0.0286035998103648,0.2119439020931956,0.3401627484228536,-0.0369115607711699,0.0688473699066868,-0.0303588191514267,-0.080304897340859,0.0310593140991685,0.6129183087199976,-0.3242002237526634,0.0722531765494018,-0.0659345812337841,0.0159372852651762,0.5469075118714366,-0.3413602659661481,-0.9167526011143224,-0.3595632657750502,0.1260087609865874,-0.4401279477568457,0.2888513184346258,-0.8087700287583396,0.340029026238314
2.18463108369713,2.8193073836810965,0.61341982699447,-0.0381442566082572,-0.0018875500461601,0.7677411974655043,-0.6396209084738076,-0.4274421117932335,0.0266484243512154,0.2205902783296938,0.3124571838509029,-0.0340120673994202,0.0547322688373974,-0.050217295924164,-0.0838498873239453,0.0231860928941593,0.5899853992672247,-0.3564592299822189,0.0616960104831936,-0.0739447714290391,0.0096606787630925,0.5393824232296595,-0.3336682358222938,-0.9300070118260888,-0.377537772796142,0.119918003219646,-0.4428867810690334,0.2704175046450622,-0.8440139854331765,0.3169170928705587
2.1819709597380355,2.8352020894602648,0.6125492863263441,-0.0432812222833981,-0.0006484974026112,0.7653507503973934,-0.642156168011271,-0.4446189489818165,0.0236842478012244,0.2238010805046885,0.2867957137442675,-0.02821963722185,0.045285825313268,-0.0682755571535752,-0.0832206638929296,0.0091576834838375,0.5768756568633007,-0.3887458244245247,0.0495886276894895,-0.0939395738309435,0.007196312782841,0.5276766802894008,-0.3254489026830963,-0.9362924842995756,-0.3912089735216675,0.1094509189657438,-0.4360942328235691,0.2699425820605579,-0.8598726405208321,0.3064718015650959
2.1791533611615117,2.8515409573077606,0.6104240481807127,-0.0488689758451637,0.0004619052949138,0.7600833394964781,-0.6479852829063513,-0.4695362127908674,0.0189631512059924,0.2227224561592879,0.2725803299065774,-0.0218327699808339,0.0309530401448124,-0.0916234735039734,-0.0836353289817746,-0.0107756250980018,0.5779781356947147,-0.424209857561055,0.0401378469969204,-0.118667770610171,0.0071501465913206,0.5186150682832859,-0.3289940332280111,-0.9450481969991242,-0.3994026083519445,0.0896946145238316,-0.4232805118771702,0.2727979385821441,-0.8515132282552487,0.3158990288428931
2.1759133598906706,2.8700693248833518,0.606018854991057,-0.0544987761549572,0.0003873077878198,0.7537964227560939,-0.6548440168699753,-0.5083051859144931,0.0173676938919181,0.2177005271141853,0.2791799275953167,-0.0209280912492143,0.0114295268641693,-0.1362100700600949,-0.0828963778841395,-0.0338464390205425,0.6190044332747487,-0.4688181065561742,0.0311369802651907,-0.1431980509590887,0.0163451677106577,0.5165948031948191,-0.339304185522552,-0.9625918778570384,-0.4111428648680322,0.0673932590170193,-0.4020057431965058,0.2695945340644851,-0.8332657377512057,0.3347100356129531
2.1738382469455098,2.890572235429717,0.5994370826072086,-0.0628727709760042,-0.0008959940069927,0.7484776146178466,-0.6601723049935637,-0.5632050804821337,0.0124299530617402,0.2073737932470285,0.3033559542414245,-0.0297706489470735,0.0028248548722951,-0.2007330867556427,-0.0876196413753869,-0.0497826233762587,0.6858766067495666,-0.5217436062983575,0.0265368359984076,-0.1549549641909866,0.024305451930741,0.5161867043258206,-0.3578322370141814,-0.9880028417970542,-0.4328822230418294,0.0477098673794781,-0.386541525919663,0.2478702122829371,-0.8202934310364272,0.3421249678096151
2.17224180427811,2.912495038361683,0.5921649727646717,-0.0715173419308352,-0.004486854670679,0.7442077979485134,-0.6640932851722978,-0.6259561376900806,0.0091608665735528,0.2029806525229412,0.3331591063203618,-0.0391951012478723,0.002110059532004,-0.275130751735937,-0.0907362038275407,-0.0601368087119528,0.7576316003808226,-0.5499999688356092,0.0229582968645286,-0.1515990696002172,0.0293846817426336,0.5168949461595548,-0.3768405807512175,-1.0124730590636637,-0.4723591458735964,0.0335738230636413,-0.3793116122798386,0.2203858000871136,-0.815089901856852,0.3218614871448442
2.1715891382530588,2.9320829698353448,0.5876111191579347,-0.0791860907858457,-0.0077387144017157,0.7424044785708745,-0.6652106925804581,-0.6720847048771085,0.0057093086044902,0.2109182755758437,0.3477734862277328,-0.0353884600775364,-0.0101627664638699,-0.3398940090182997,-0.0934162366877371,-0.0612021479549259,0.808577370346107,-0.5499999999999996,0.0208047400537489,-0.1279721356056475,0.0315381087958204,0.5141754499723372,-0.3914517343106344,-1.0302173798189314,-0.5204925620304671,0.0306416998866926,-0.3912969750443258,0.1986013606151778,-0.8115087332352167,0.2725333953719302
2.17090185421307,2.9489983102946087,0.5855383782197294,-0.0840778805542458,-0.00788377173644,0.7395506408129622,-0.667782603710108,-0.6966396037261416,-0.0021104901948228,0.2250956881092316,0.3529825454276542,-0.0198218694069934,-0.0283742438124058,-0.3865098959618857,-0.0983640111559347,-0.0644098125590368,0.8424093915136328,-0.55,0.0182370602171094,-0.0998574832799691,0.0357304900328778,0.5043524864879069,-0.3991946146605745,-1.030314310776032,-0.5653670697965455,0.0371083469901552,-0.4158615487145059,0.1929787510439691,-0.7920641411862769,0.2213890616522467
2.169387568613084,2.963593279984744,0.586982691666093,-0.0852704996174255,-0.0047721537758063,0.7331682083395891,-0.6746632839598222,-0.6953556412739766,-0.0158726964123421,0.2419885632981593,0.3574273707781272,-0.0070432641658261,-0.0378908134602459,-0.4063198323421262,-0.1060754777977122,-0.0782421405701595,0.8458763608219456,-0.55,0.017022585162777,-0.0793859127463123,0.044840345878131,0.4880190170001607,-0.4074121623658885,-1.0058601259714477,-0.5902639132005201,0.0471981907491163,-0.4373884953786826,0.2035034345422009,-0.7518436501536518,0.1940477521174458
2.1664792960652504,2.9753348424808643,0.5924942344968296,-0.0809458699414361,-0.0007891241663344,0.7235048145668844,-0.685556654639872,-0.6692488244238334,-0.0299895351386013,0.2467763566485623,0.3604361083578873,-0.0003034704280171,-0.0454232655157247,-0.3938408130118935,-0.1091677253651217,-0.1065005126708697,0.8065237760456073,-0.5261705245032963,0.0186159553478231,-0.0691521608526321,0.0601126703944801,0.4731090490108667,-0.4289638048923132,-0.9562277484684616,-0.5856835749153606,0.0541618614381716,-0.4395870675508694,0.2269794155999542,-0.6999684334488236,0.1917201304710136
2.162797480639558,2.98592755405827,0.600905275252888,-0.0735058640711232,0.0019387248422236,0.7123566057024359,-0.6979550097285987,-0.627415529814779,-0.0426210244748122,0.2287327998213113,0.3682424217723729,0.0100955429822916,-0.0394358971017322,-0.3601247138485272,-0.1044354746791174,-0.1427545401701074,0.7274801397514823,-0.4736399201723807,0.0260327393910594,-0.0625430198501993,0.0786560641138691,0.4683304082351112,-0.470137097462013,-0.8998625992572251,-0.5581510541819917,0.0599311807863759,-0.4274081163566549,0.2497526962443788,-0.6612316317207387,0.1973904029453761
2.1600928837410307,2.997554934559276,0.6085301904678769,-0.0668458203523581,0.0036060292542328,0.7007223597053202,-0.7102864263544992,-0.5869828521652667,-0.0507993018286243,0.199077200425281,0.3988800124557165,0.0121480534312923,-0.0590133691399861,-0.3291322657768183,-0.1001055207797583,-0.1783388059654977,0.6466259845550587,-0.4220558297296314,0.0455702219064674,-0.0550027426070408,0.098378986048507,0.4731502464935231,-0.5163246776292258,-0.8571510614423631,-0.5385953336485684,0.0704953849241239,-0.4169851840270434,0.2656374945141089,-0.6521249688364247,0.1964244373160012
2.158336221261031,3.0113467060065493,0.6139726291234624,-0.062426696446345,0.0039243874878767,0.690365887657981,-0.720751307950148,-0.5556606636311854,-0.0556253690835837,0.1657685064163023,0.4586104300217467,0.0018193175857245,-0.0705308097214238,-0.3129866882793742,-0.0986532180133211,-0.2081965194922246,0.5824075115408216,-0.3807530052603944,0.0786404409124686,-0.0408207188911308,0.1163884972931844,0.4848018639323298,-0.5470864966875058,-0.834573173138837,-0.5377481606126333,0.0827403311586403,-0.413728614031495,0.2778301653987576,-0.6665455809251724,0.1947877029261225
2.156353777566146,3.0257578054366663,0.6174811199717032,-0.0585679591719978,0.0030211686967559,0.6813924013232128,-0.7295649814218871,-0.5320203028813737,-0.0538869241591323,0.1353743613214194,0.542786618682123,-0.0165017436378725,-0.0721101474335101,-0.306218727285263,-0.0963030327901496,-0.2345952882082518,0.5329214216479787,-0.3490899651260737,0.1175994432315581,-0.0201916839006998,0.1331536001016722,0.5010696456531546,-0.5528927278639506,-0.8258062903379039,-0.5353810569728099,0.0934671032182607,-0.41633878617419,0.2936114694480342,-0.6921676799234097,0.200005701037704
2.154414952021835,3.040231987236149,0.6183467830821552,-0.0546820597562953,0.0005827989241289,0.6742939781297309,-0.7364354443834195,-0.5125400286931638,-0.0454994226574165,0.1092734737910566,0.6397557915896115,-0.0403479816977287,-0.0728997911588852,-0.3124328550864388,-0.0925523129165559,-0.2551315576679964,0.5086617196344108,-0.3323142821249284,0.1547059489813251,0.0086216746928955,0.1483916004280137,0.5199239341974299,-0.5371913391255189,-0.8236480596750673,-0.5136644298600506,0.1013153477729788,-0.4274397756445766,0.3151896303217931,-0.7214543746700403,0.2106132171579307
2.1538749505314643,3.054933321082521,0.616426255745924,-0.0527351215990262,-0.002306305529327,0.6705909057079746,-0.7399469745099978,-0.49512523292769,-0.0365903011738942,0.0928671404512856,0.7459424305130878,-0.079808328681157,-0.0753976841634272,-0.337940347378396,-0.0939081006961671,-0.2619534283326351,0.519451804245498,-0.3340854228702318,0.1867616831728157,0.0501881710758756,0.1670234335852394,0.5422760019762998,-0.5071991582604078,-0.8324836701786221,-0.4659034946598494,0.1398180805096816,-0.4685761897963558,0.3182042911669973,-0.7892504053760866,0.2199328812926939
2.1530576909524504,3.069267385578401,0.6151858535947937,-0.0508570460041717,-0.0039221337150626,0.6638418094613805,-0.7461315096883998,-0.4690674760559228,-0.0354984600421693,0.0710298689701393,0.8336206583318344,-0.1046156787559654,-0.0763926895927317,-0.3571941386373871,-0.0986419308179765,-0.27655161671182,0.5226609422948729,-0.3292007522414289,0.2100568521329989,0.0804595976018555,0.1645152570596793,0.5429852824981583,-0.4782922303428734,-0.8069739298153431,-0.4245122977005244,0.1533924406048069,-0.507941933571153,0.3407576005855454,-0.8186507141752032,0.2374885351535238
2.152067213639346,3.08293686395098,0.6143052664225579,-0.048897425870584,-0.0050488990847146,0.6565346323818005,-0.7526923852707403,-0.4373924495505292,-0.0383662470379751,0.0496966792976179,0.9075190252666148,-0.1187166226781496,-0.0632573076671583,-0.3730559669147594,-0.1035878597863032,-0.2915823737553965,0.521525855600061,-0.3195214782606291,0.2272307865948462,0.1045596032240545,0.1545665430186898,0.5347140641140092,-0.4496961729626682,-0.7664500885522361,-0.3910333797520916,0.1581643670580887,-0.5443384702678142,0.3670377328615542,-0.828350802077203,0.2656799742765136
2.149987124556464,3.0951698822777964,0.6136975522714916,-0.0443834056339131,-0.0066491559756438,0.6486455847503032,-0.7597662847304318,-0.3978157646764369,-0.0376104054010297,0.0186712560159685,0.9698143509486984,-0.1332316428442959,-0.0713557557638598,-0.3805004616341362,-0.1013454475502966,-0.3109656290860232,0.5112834247964557,-0.3066557159359385,0.2366431941675179,0.1208070785823896,0.1437492026942821,0.5265730822136478,-0.4271405294238132,-0.7208474693143073,-0.3661144682993758,0.1440352548184267,-0.5582178337758495,0.3945204430011009,-0.810910549804416,0.3045878322709475
2.149259662710876,3.107813666254485,0.613604042405565,-0.0416825217533356,-0.0081687171410365,0.6432015813058074,-0.7645178645697308,-0.3560447374772807,-0.0433963011923061,-0.0072865909182886,1.0121326946681442,-0.1282556358298899,-0.0732132110690336,-0.3903488158591146,-0.1006741477173765,-0.3204803395289233,0.4962437429445077,-0.2883981518025465,0.243097105168361,0.1371986370099931,0.1404800224167069,0.5192423796140617,-0.4116758443938578,-0.697316985604024,-0.3433423792279024,0.1334720435689316,-0.5743086731586307,0.4009723499410299,-0.8018497813949104,0.3316216484167126
2.149690588694256,3.121358095941443,0.6130307214243201,-0.0392783021227199,-0.0101765300515563,0.6388980401606204,-0.768220637250383,-0.3169531271937296,-0.0541413319551083,-0.0335085895770463,1.0414098253237714,-0.1119462253287023,-0.0800736798038751,-0.4033679101794297,-0.1001820760775531,-0.3235634219041563,0.4811205237440297,-0.2680100503164193,0.2487307442664812,0.1505672856873304,0.1458073785026411,0.5155885503182849,-0.4041471662289763,-0.6988805403842998,-0.3307833967656485,0.1254511944170035,-0.5895095503784663,0.3867801828724923,-0.8072789692542395,0.3385878354998792
2.1488525264470777,3.1327785808319386,0.6127825658697992,-0.0335506123573898,-0.0122441683184234,0.6339194606547405,-0.7725739797299918,-0.2716364869197086,-0.0591533015574943,-0.0664899879385435,1.0569940590778195,-0.1030227716038861,-0.0782497572075422,-0.4055187844547652,-0.0923212898805319,-0.3365547003940715,0.4582779903660139,-0.2473933106765978,0.2499965433027216,0.1619231126008787,0.1533226311434723,0.5145314700549434,-0.4056131480589847,-0.7159014921257001,-0.3388599055119812,0.1132486624410611,-0.5871480573845941,0.3595931360760455,-0.8208324813096213,0.3269576595285897
2.1482192131745275,3.1444867469776416,0.6121534852125652,-0.0280347604997302,-0.0145160311288027,0.6283823815150259,-0.7772637387949445,-0.2276173336491362,-0.059695173578751,-0.0962278576132873,1.0567929476238462,-0.0948332553729575,-0.0797228886267027,-0.4092422225762149,-0.0860730493198956,-0.3498676144235427,0.4371491798299172,-0.2276601440214272,0.2499999999989197,0.1709545630717235,0.1614142610114259,0.5121841709242094,-0.4047240738921466,-0.7451139747672226,-0.3591939934673187,0.1051784919241644,-0.586144722523784,0.326901950187865,-0.8514717945107907,0.3021090095657009
2.1474437295879127,3.157385461521923,0.6103758318586975,-0.0231064893729711,-0.0177505498064041,0.6222919329797558,-0.7822427745136077,-0.1900978878393478,-0.0527512419985414,-0.1168544497791647,1.0362904789758376,-0.0916017066640631,-0.0774702680884365,-0.4202200313342691,-0.0819714961606923,-0.3632914848663768,0.4245208552482223,-0.2119034400214476,0.25,0.1782936672275717,0.167687864750107,0.5071920832946777,-0.3956952093558197,-0.7774773830440741,-0.3789733111144407,0.1043710785897638,-0.5893138096234299,0.2922078888711953,-0.8982275521850439,0.2791660483977233
2.146677855976819,3.171000306589284,0.6082027228000598,-0.0189923311895279,-0.0214970947163628,0.6157230877855188,-0.7874403123047551,-0.1557798871885255,-0.039259069041913,-0.1293500736211538,0.9889304444903247,-0.0954459191604007,-0.0806259240453077,-0.4355142281435343,-0.080200538135039,-0.3767146059194396,0.416041296100034,-0.1986333361611061,0.2497749815665832,0.1830869292764101,0.1715474090455644,0.4971201806363697,-0.3788955011343884,-0.8061461587817131,-0.3875328483497369,0.1086504957189622,-0.5951253369901504,0.258341217998022,-0.9525512318104624,0.270987941026747
2.144861620146509,3.184538611803235,0.606202350262335,-0.0150878164101498,-0.0258354910964301,0.6084207693648308,-0.7930504729216726,-0.1325847452634548,-0.0250420104608614,-0.1364083506080319,0.9171750190356228,-0.123791235891033,-0.051747314258832,-0.4514478362988528,-0.0764595694537905,-0.3909206101633146,0.4060973480114239,-0.1863702990413937,0.2412994496807251,0.1829009170626985,0.174114865966957,0.4848714081800842,-0.3605447233864382,-0.8296416641580151,-0.3819983966896323,0.1131859009500879,-0.5987645953015097,0.2285745028888902,-1.0046564796877548,0.2797139427707545
2.142389628782423,3.19875313270397,0.6042727983905484,-0.0114077103176045,-0.031141175993057,0.6008540843574871,-0.7986704330410674,-0.1153583069183381,-0.0059020264174524,-0.138384961309655,0.8415592434813666,-0.185598717707913,-0.0365784167090517,-0.4697373473338511,-0.0704302974228425,-0.4038310313346057,0.3936569015763929,-0.1731580504949074,0.2230243604462981,0.1777478540601416,0.1757403707117686,0.4755545669831335,-0.3509693534606811,-0.848824276479889,-0.3675702521767252,0.1137515403298469,-0.5980091085488397,0.2060575033541083,-1.046771560440357,0.2976043639642438
2.13972075205667,3.213260303138367,0.6024285813962574,-0.0082300893125057,-0.0372135186443342,0.5954224266288084,-0.8025082887593618,-0.1102670779255838,0.0092687337127185,-0.143328838288613,0.7917695102609943,-0.2678500432743034,-0.0268071635053239,-0.49059728591826,-0.0620660323774832,-0.4135480559781009,0.3791335023487585,-0.1571219327419671,0.2028339059618068,0.1733629943891037,0.1749293794781321,0.4719333004219732,-0.3598739830137367,-0.8613600206630835,-0.3515768475487373,0.1099080086734587,-0.594095736798372,0.192109119752733,-1.074875626496437,0.3134265403178132
2.137174268118851,3.2291538750205784,0.598877530489245,-0.0053593888626957,-0.0448562053049346,0.5930921995507406,-0.8038661832847095,-0.1238362235860791,0.0212254876931579,-0.1443304615329063,0.7747639054104588,-0.3539929936067418,-0.0129708662722248,-0.5216593754632188,-0.0544417156770763,-0.424992247592278,0.3764540166838178,-0.1420429478948045,0.1834438817397065,0.17252756238773,0.1689180260481072,0.4747494709485231,-0.3889552232813106,-0.8627329151297751,-0.3435850605917901,0.1021379467183652,-0.5875034478602533,0.1860564784153042,-1.0881905372085685,0.3221326413906545
2.1348409365759,3.246643084687712,0.5929244607187226,-0.0033179877369605,-0.0543370616418755,0.593041978501428,-0.8033291270859148,-0.1567811880876638,0.0315328307463225,-0.1385541013959636,0.7881941525283689,-0.4396151360964747,-0.000355723104617,-0.5660250270503312,-0.0492895745996672,-0.4404715077878088,0.3899296012025546,-0.1278386258324999,0.1528423588933751,0.1734625549334094,0.1567241436741159,0.4791469563187361,-0.4294638159684862,-0.8540203636396286,-0.35277448253092,0.0914649007933217,-0.5781222149470777,0.1866577468113363,-1.090769531687225,0.3296212411966199
2.1316239165621784,3.266103024396247,0.5838090920724313,-0.0008485672204389,-0.064255065703513,0.593895310311343,-0.8019718990434171,-0.2087198461375023,0.0431484493490242,-0.1313839320759044,0.840379101272952,-0.5409321088311401,-0.0005814883261036,-0.6200865105344003,-0.0473355542515162,-0.4659339507898734,0.4185985871812263,-0.1177331495019456,0.1138418369011631,0.1735138933561467,0.136591949637117,0.472056351681908,-0.4724530712442528,-0.8326429575451031,-0.3826765039101766,0.0780797245724564,-0.5596954378766165,0.1969988039430002,-1.0851903020677682,0.3556450202193685
2.1294055004788777,3.283941266167671,0.5790086989979102,-0.0020504825741123,-0.0728676345429055,0.5918302176584245,-0.8027596756338213,-0.2564002626862074,0.0486241410057552,-0.1209318579323099,0.8629326009600561,-0.5499999433256803,-7.653323047298628e-05,-0.6576622688831397,-0.0517025713294404,-0.4915499773602875,0.4146333066671671,-0.0981667227737315,0.0884497243425289,0.1612001810001621,0.1106125796411212,0.4578670724538717,-0.5072361707099331,-0.8086491227257844,-0.4122080467678496,0.0699351406818878,-0.5462349645855991,0.2093706896799052,-1.0900288729999117,0.3919326444776806
2.1261495031348288,3.303299110204383,0.5742824751373298,-0.0044487513531346,-0.0833684322653269,0.5864890471866504,-0.8056429175777046,-0.3214141484533649,0.0511628669723149,-0.1192646354046552,0.902248678254104,-0.5499999999996459,0.0030795245670579,-0.6952809871500483,-0.0617052049526339,-0.5295857674511418,0.4040176980763789,-0.0838712078472424,0.0834015865497191,0.1407229418690156,0.083977982323248,0.4523994473240121,-0.5336110257666017,-0.7931336573301279,-0.4194358622373146,0.0674429340384108,-0.5356434386934105,0.2172720187825706,-1.1077571753770104,0.4304813380460796
2.1236570641904637,3.323131429480166,0.5699191878369355,-0.0061292282776214,-0.0907428114389782,0.5808767279343318,-0.8088945553514232,-0.3852499353995842,0.044032855544639,-0.1272049337873698,0.9471105210450362,-0.55,0.0093973737271325,-0.7205717778438544,-0.078791786498731,-0.5807235485389932,0.3859829372133529,-0.0738297117142854,0.0923804205364475,0.1214651357055993,0.0536678619006726,0.4405186633977218,-0.5564433183741201,-0.7550034788343758,-0.3977406378179208,0.0805436235542323,-0.5305318716472103,0.225307797571769,-1.1200654048205685,0.4668416877848409
2.1222076618839405,3.339432824451406,0.568622935304572,-0.0044222142357925,-0.0950570497661801,0.5787886655034887,-0.8099063414961599,-0.426505266216061,0.040758697507227,-0.1320431294984117,0.9711270214471022,-0.55,0.015406665555407,-0.727273379869597,-0.0863120190410755,-0.6279193724089739,0.3642174678774743,-0.0650746094186272,0.0970624311749406,0.1137442865984733,0.0236452755298484,0.4259681588769825,-0.5636245346458139,-0.6923051361702823,-0.3630359764828584,0.1055580013393914,-0.5310556422235176,0.2374561542732541,-1.1095989786019569,0.4870372041523756
2.1232844416396173,3.3521948242817503,0.5716456966108632,0.0011105251188287,-0.0917215651239541,0.5822667509199029,-0.8078065065338068,-0.4315147501195335,0.038855116978724,-0.1261200354579204,0.96313847076957,-0.55,0.0204245377120305,-0.7083522812089957,-0.0827799035249877,-0.6270774417189344,0.3455601293893691,-0.0551966796703363,0.0940856016320718,0.1169150613159931,-0.0152410515847984,0.3851137240142549,-0.5637615056134538,-0.5867876340762573,-0.3237681228313127,0.1381358629896852,-0.5357185435541012,0.2686462301822959,-1.0591910276892698,0.5033039553377642
2.122721330926651,3.361397590771756,0.5786628195910631,0.0126766748141371,-0.0883888421210273,0.5921256687609876,-0.8008832042804465,-0.4134049129436372,0.0609697740321269,-0.1122196329599886,0.9300537117539428,-0.55,0.012745998127349,-0.6676084850577664,-0.048551489647575,-0.590717891764682,0.3376602516963413,-0.0564906212356968,0.1140106053621848,0.1261798251430891,-0.0212640015487174,0.3727762299854208,-0.5398208123745212,-0.5260763429056207,-0.275469367693457,0.1430659686528178,-0.524025447017988,0.332538410857319,-0.9676758391488794,0.4826785461624703
2.123059289117511,3.367879206490145,0.5884994558075785,0.0255284288704323,-0.0817733674661837,0.6050009238156413,-0.7916029925883744,-0.3716703943612484,0.0864545062026375,-0.0881182110221121,0.8685071451731626,-0.5369943429276272,-0.0018674023824939,-0.609699028121852,-0.00591588144221,-0.5317804057300449,0.3439164226432672,-0.0552215207036397,0.1066792085267556,0.1269034346981998,0.0009354258983197,0.373101028692773,-0.5140111437302483,-0.5083608936255432,-0.2227817087313062,0.1380234259112621,-0.5026642564006695,0.4046415053919687,-0.8642726079227891,0.4058638488084813
2.123052216409103,3.375679606566893,0.600031663785084,0.0344414261811148,-0.0750560748755289,0.6148017212690694,-0.784346363102093,-0.3287877755740534,0.1031821769263123,-0.0671205416462206,0.7842843959298029,-0.4824091549733878,-0.0286289094384391,-0.5422246718670434,0.0261478461383838,-0.4851870835919645,0.355669845522841,-0.0583946130091401,0.0997639494441619,0.1029904665030734,0.0360504349311508,0.3841237044934263,-0.4994192261375509,-0.5275497454460121,-0.1775535381528282,0.131065643180217,-0.4820183647893141,0.4563714785308737,-0.7871285986914754,0.2935796730692792
2.122618519857401,3.3847347236881484,0.6094047117063164,0.0410542325781814,-0.0690527246281054,0.6239298468298274,-0.7773402198804333,-0.2942006194235989,0.1149557360045762,-0.0455234938035364,0.7087467626363464,-0.4301795729419966,-0.0540398280588655,-0.476012015121428,0.047804546711194,-0.4504619765053191,0.3807729559047008,-0.0647870964769293,0.1016122349610219,0.0685672795851659,0.0719952087891145,0.4010723414335965,-0.4901335525677437,-0.5647302968300988,-0.1700497602062447,0.127951954011435,-0.4667724724817332,0.4785030323245098,-0.7550498183654636,0.2210059254949949
2.122169986714132,3.3964920583699705,0.615587303356769,0.044550403710236,-0.0650640377027923,0.6329424015066967,-0.7701726098102952,-0.2756723611772405,0.1199355376405053,-0.0215697703585624,0.648533759881417,-0.3820769810105869,-0.0559856379788144,-0.4183731451354778,0.0600380750386977,-0.4338590833870737,0.4222834023968436,-0.0826449254120893,0.0944031772081843,0.0345642511339732,0.0922784298953537,0.416862493108708,-0.4825643611231016,-0.5991123751633649,-0.1929353701949321,0.1304521391306301,-0.4637671454808943,0.4773949553196373,-0.7749163392514261,0.2358244935296502
2.1225948164368185,3.408659217320676,0.6194342520253738,0.044867494566092,-0.0600413764857779,0.6418694467931343,-0.7631418965792217,-0.2618825000697109,0.1146153896485472,0.0064377835534828,0.5951719633042593,-0.3370113383045831,-0.0425956055096453,-0.3661090209715665,0.0612175575387055,-0.4110716167051399,0.475785354437704,-0.1056747884749507,0.0880250516931226,0.0066247139434732,0.100424328046263,0.4214440034908036,-0.4766387990759699,-0.6262665565151453,-0.2166344586182873,0.1452088231109463,-0.4792136408901558,0.4631106734045754,-0.8313047341821075,0.3089704359375848
2.123404598847312,3.4211032731432605,0.621314136580406,0.0433994917740939,-0.0554459195609629,0.6515851554622707,-0.7553006151851059,-0.2561754442894547,0.1063147858210707,0.0330747821568147,0.5556555101491905,-0.3031941290413202,-0.0325612534774577,-0.3169960170965947,0.0586510927994164,-0.382998832915198,0.5328911860851672,-0.1369941401773468,0.0920407654155246,-0.0136851503168665,0.0888926111074453,0.4210042064872627,-0.4853184312165916,-0.6344086409739894,-0.2202504687386781,0.1622231106096671,-0.5032292949863146,0.4453601639166857,-0.8945722179007151,0.367391971175432
2.125138596953609,3.433616355058876,0.6217345287573168,0.0422041805804571,-0.0522160175473812,0.6632189772006052,-0.7454078634774444,-0.2573599305733857,0.1003747759686221,0.0627305894286473,0.5308694638085962,-0.2782102582685509,-0.0188515021868129,-0.2698076440830642,0.0577326005290455,-0.3522653062842618,0.590475950540091,-0.1598549526302329,0.0967814255527257,-0.0265036553657373,0.0832593826616013,0.4430540893989065,-0.4981665580571381,-0.654227087630419,-0.2137018303540844,0.1817744030432901,-0.5247441132709161,0.4208222884764226,-0.9454388788004702,0.3765236008158176
2.127807456923193,3.444263160280282,0.6218580618124632,0.0406931682365297,-0.0454305528988836,0.6767933252527882,-0.7336422328461268,-0.249507661997843,0.0892698623253543,0.097081798017466,0.5046073775948935,-0.25560219637771,-0.0070466051361894,-0.2162497357458228,0.0513001830620512,-0.3178815853394237,0.6465669899447667,-0.1810491608478627,0.0866025421547314,-0.0335140507809458,0.0728321661430634,0.4574669995074293,-0.5095315959980516,-0.6740844471278973,-0.2213513847496639,0.1946119549973524,-0.5365196214139552,0.3943029639055236,-0.9539689581186468,0.360785930879284
2.130070313378257,3.4545917959164565,0.622069674481009,0.0397173593624633,-0.0379689010545306,0.691322180129877,-0.7204543963211414,-0.239580269074704,0.0797331594518633,0.1334644141302497,0.4784615059012085,-0.2339127390443731,0.0032317044386049,-0.1603533545838552,0.0445236041644474,-0.2752203852572471,0.6966766542957565,-0.2067778786642316,0.0952266865809315,-0.0384339293001172,0.0611740296105708,0.4739509384315593,-0.5082289034813117,-0.6955059538413071,-0.239825359544172,0.1895453870390275,-0.5296654022829537,0.3715734752864751,-0.9216964611927864,0.3437935877026939
2.132144588799376,3.4650521341494,0.621675399207094,0.0382832265066806,-0.0299037401570569,0.7056151882931292,-0.7069281200680231,-0.2320692148381316,0.0698284852504699,0.1699405011396514,0.4572511160843848,-0.2153704817111714,0.0082074464173434,-0.104611216971401,0.0351262510186246,-0.2293441610860263,0.7369382714513059,-0.2159916130921638,0.1131186971898156,-0.0437901100362659,0.0528794338424493,0.490253938915256,-0.4898297868134547,-0.7196993715721083,-0.2530740934639195,0.1694965093780598,-0.5109495224802602,0.3518347881966627,-0.8677811970040917,0.3370620091113891
2.1336206790050563,3.475726006929328,0.6212492161061888,0.0363936111420538,-0.0222819998067641,0.7179831571477387,-0.6947511810747914,-0.2273556195143758,0.0605318870607446,0.2026463332551029,0.4363959277106097,-0.1961364527929785,0.0086887207292774,-0.0514876133579859,0.0256501930026456,-0.1800471133357438,0.7647913034917911,-0.2029300426983196,0.1479655257263363,-0.0522570132485531,0.0481739969637063,0.5060333785612893,-0.4587628869479175,-0.7448750638850411,-0.2509506372099995,0.1463484859170248,-0.4908486377620577,0.3348867589589183,-0.8209337482593024,0.331649831790768
2.1345265784975584,3.486632042040433,0.6208398958318911,0.0337407492784778,-0.0153421501887667,0.7276551871257845,-0.6849409528672173,-0.2258445633880932,0.0507821262006575,0.2292968136769836,0.4143263443208411,-0.1747489169242315,0.0068265204137662,-0.0026401405944887,0.0208700295977141,-0.123871873980219,0.7765587307761259,-0.1783176808095959,0.1878685511591507,-0.0642435871272645,0.0444811370837507,0.5202795089442788,-0.4227568061245995,-0.7692048852938217,-0.2358238158594935,0.1306712543107483,-0.4774284277877857,0.323320014334331,-0.7980692422077577,0.3193489388336954
2.134725254585818,3.498108848151802,0.6198133476609048,0.030046417607004,-0.0087753832898109,0.7341588909264158,-0.6782557985825095,-0.2311530816125417,0.0398854550996607,0.246835437400672,0.3983566176171797,-0.1553633724293036,0.004063588007855,0.0438564047012227,0.0202292229594917,-0.0676463221805023,0.7723116019946799,-0.1614019228017751,0.2205116383529774,-0.0812029784506537,0.0293633164910199,0.5269359488284989,-0.3951524085588068,-0.7815639956949408,-0.2241810845668938,0.1218808464596449,-0.4696488467142583,0.3195669082358883,-0.7933085080884191,0.3084766527256874
2.133193486011592,3.511101189791029,0.6185659534446392,0.0255047108644258,-0.0036982855362372,0.7413169793790572,-0.6706600990756235,-0.2429676872100786,0.0346818270427986,0.2651685597414457,0.3859457185701199,-0.135050387254787,0.0005306378283881,0.0781015056788484,0.0177634363996982,-0.0224874610506174,0.7605649471143235,-0.1524737535195112,0.2499940950697898,-0.0924598368524826,0.0162319350432587,0.539895547784903,-0.3735975707612688,-0.803909155890084,-0.2259536917461531,0.1197870133677149,-0.4649179679295777,0.3176846587709021,-0.7993614007154313,0.3046891742057826
2.13178275823714,3.5251218444938823,0.6170157348591941,0.02024014902551,-0.0001314651744051,0.7484970821724947,-0.6628291160348911,-0.2609874730664621,0.0319150898502314,0.2832760164092475,0.3776511047400736,-0.1157512701288049,-3.948723344678615e-05,0.0966312305467392,0.0116826854709934,0.0060642604552827,0.7434988647289817,-0.1451548563060595,0.2499999999630942,-0.1001591602041141,0.0048958149549815,0.5565193511448864,-0.3575337220220951,-0.8371418567089954,-0.2476126185686964,0.120382102979389,-0.46028500133985,0.3130855717410561,-0.8057331490207773,0.310692475598907
2.1343255543956,3.540725756131198,0.6146290651580758,0.0125933713533928,0.0023560925157774,0.756378695058278,-0.654008505669421,-0.2879435061495873,0.0235724478720997,0.3057768566122691,0.3730717183043872,-0.099075573827789,0.0026486002856525,0.0971552256571411,-0.0011085905585913,0.038241229932468,0.7129041486780344,-0.1704444905620007,0.25,-0.100622710727713,0.0043945582502432,0.5732457686509871,-0.3317408105363258,-0.8915909668616445,-0.2785459004788923,0.124963616196976,-0.4603932254052511,0.3010880817969966,-0.8140143384357413,0.3171180973320966
2.138219765241367,3.556609282577528,0.6123883229617227,0.0042005478862202,0.003851913781041,0.7631257354641893,-0.6462249066926465,-0.3177788388212281,0.0134170055046144,0.3238974048889023,0.3667196890756898,-0.0852750084488143,0.0016801960449249,0.0826174662600754,-0.0142751291465922,0.0491769245829743,0.6720841275561967,-0.1765444238062258,0.1932091759334192,-0.0992705427589181,0.0005675061118032,0.5800668494875332,-0.3033914605006994,-0.9431707254512474,-0.2977055915123582,0.1251244641490766,-0.4594344640959901,0.2927652998007808,-0.8143674312069127,0.3177881675089222
2.139943284452561,3.573096021535021,0.6111551633652876,-0.0035703883580262,0.0034356831438079,0.7696655953994986,-0.6384280066433834,-0.3456644361617582,0.0101817995216823,0.3378557311071045,0.3497615149054771,-0.0650436934722739,-0.0042516572844086,0.0636558221021335,-0.0223728835039538,0.0331241411093671,0.6417453313045678,-0.2166595482708098,0.1270234886180317,-0.0936517782533946,-0.0025231882577755,0.5834370457058757,-0.273189720159936,-0.9935223107013328,-0.3006132850301706,0.1224722715593426,-0.4550594275515608,0.2917407323628646,-0.8101267308731703,0.3121965859382927
2.1410373108681195,3.590649755944564,0.6093641196426597,-0.0116648291011014,0.0025107681465884,0.7747980908271467,-0.632096152698278,-0.3759485620864833,0.0080114181167166,0.3489739237857928,0.3305090079286423,-0.0392477010682552,-0.0091115615101082,0.0405887922088447,-0.0287520327539765,0.0096313294676563,0.6219280140991809,-0.2712113224676821,0.0784972367576217,-0.0888372144321711,-0.0036995901676097,0.5853145637169476,-0.2454332297321066,-1.0414808759118914,-0.297804040118566,0.1171270979537039,-0.4487170624425464,0.2963521594323425,-0.8026440423163933,0.3060256515106144
2.1413866728638062,3.6082688264551184,0.606901562346139,-0.0196342362603895,0.001638529250463,0.7765894422212359,-0.6296988567711364,-0.4060775793246193,0.0052483430040461,0.359188308308869,0.3096400666150579,-0.0064741950523858,-0.0126957518503573,0.01709882756684,-0.0309920376902079,-0.008420641659363,0.6065393546072589,-0.3328754711318951,0.043206285896436,-0.0918799063757895,-0.00266195049434,0.5860822413218604,-0.2238738295355468,-1.0815935936048626,-0.3002348270125711,0.1096635710801843,-0.4366712755441782,0.2966608845349445,-0.7930516231063347,0.3022749913512013
2.140107375513898,3.6252999411511,0.6033571769588656,-0.0256760215890451,0.001663636916154,0.7714663460384681,-0.6357496764903814,-0.4341327773706675,-0.0025632023088296,0.3604450560716366,0.2876007167294888,0.0356295726399335,0.0002336956485551,-0.0004463991201337,-0.0271668378073285,-0.0309398667313632,0.5938418612665985,-0.3946214327237853,0.016090481679146,-0.1179287474643645,-0.0017674671201281,0.5814650704289054,-0.2107786042727825,-1.0995569953379776,-0.3152562890281232,0.0975584215664361,-0.4086609169090192,0.28750565292811,-0.7779699079473394,0.3027356810918396
2.1375745425723505,3.641526012743651,0.5987508276417962,-0.0304363777461918,0.0023604736265964,0.7608019815392096,-0.6482656862428874,-0.4634585038371929,-0.0170965668832097,0.3450069897688878,0.2704659506608203,0.0792653115176856,0.0207603310014446,-0.0164455263712501,-0.0221351092645184,-0.0653561908367456,0.5906975826407546,-0.4557359694700043,-0.0011241411103289,-0.1588281212723221,0.0014091024977145,0.5767044959979079,-0.2117977684442361,-1.1009828102215626,-0.3370283437235193,0.0862312393728176,-0.3776473245935066,0.2634936929921346,-0.7661278760846923,0.2944758177110426
2.1360950527219136,3.659860276950256,0.5922365318448947,-0.0379821493880183,0.002054313677708,0.7527975230761901,-0.6571522086804041,-0.507342987298699,-0.0293473410479963,0.3377618695749153,0.2708236657829864,0.1120238672080455,0.0404473789888288,-0.058246794473749,-0.0246700878931259,-0.0900085307267552,0.6260088165356971,-0.5287086969561969,-0.0063738596887653,-0.1825796377458145,0.0127531595744572,0.5775908559937603,-0.2210907630987294,-1.1135526071181714,-0.3640342323194189,0.0853153900810321,-0.36149017169367,0.2221190598563797,-0.7803037491869652,0.2687202273456551
2.1356289767415784,3.679136189690293,0.5864932285886655,-0.0453682063771143,-0.0008457604801827,0.7489347290748102,-0.6610883315601441,-0.5548145022566852,-0.0324585799713407,0.3363895259534167,0.2766759972491946,0.1322120998718836,0.0465065122425855,-0.1171578340216117,-0.0278038244881991,-0.1026160654685199,0.6783405093999646,-0.5499999538742362,-0.0082854427986074,-0.1847980800231128,0.0264391897346353,0.5812624907238799,-0.2379361512078464,-1.1291518668348737,-0.4092852441260157,0.0913117087283639,-0.3544618343068199,0.1810406467299589,-0.8097720868370373,0.239578041387348
2.135634903887136,3.699313887872031,0.5814878382890919,-0.0519679362626919,-0.0050957747470609,0.7480864364082354,-0.6615436874026932,-0.6013408998873008,-0.0273716449367235,0.3327957180575305,0.2835313309583385,0.1360069442330789,0.0197744718110083,-0.1850441575349351,-0.0284804316207513,-0.1061710709912582,0.7379997109232165,-0.5499999999999993,-0.0153849626717459,-0.169392273889111,0.0417454748039638,0.5810917132732715,-0.254898675372733,-1.1411823782377102,-0.4763335823785947,0.100570844339479,-0.3560074854702819,0.1517318032740724,-0.8386412803156313,0.2131250811953827
2.13645803122934,3.718468134301719,0.5779330565693523,-0.0582074383753787,-0.0075200467953328,0.7474650132212244,-0.6617034056313814,-0.6368919138720358,-0.0270344503480929,0.3317203076300405,0.2833573683540362,0.1189582112808784,-0.0147149511666696,-0.2461685207434819,-0.0325603937825558,-0.1074224253937972,0.7875611587696654,-0.55,-0.0219780840675857,-0.1460827888557273,0.0559707702642111,0.5717301090587432,-0.2727721663774331,-1.1390253233170995,-0.5351097453049536,0.1069219086826496,-0.3715739553747682,0.1397733661732073,-0.8465119532477787,0.1886888418967014
2.1370268007719337,3.7347851921647153,0.5766169386687046,-0.0609545672910975,-0.0073793995485712,0.7446673772510294,-0.6646055841224416,-0.6524554730455336,-0.0319742596930492,0.3299010829157129,0.279457152421782,0.1144867681410198,-0.0281985892363127,-0.2870763701522665,-0.0368429114349276,-0.1140669859036719,0.8174424247488562,-0.55,-0.0272726189589222,-0.1250343006289962,0.0732367301403473,0.5572884743665308,-0.2957571210200426,-1.1073247312239454,-0.5648786439392345,0.1112791973517706,-0.3921478661280957,0.1505495177856886,-0.8229227694920722,0.1666167915610928
2.137238641577909,3.748753186083094,0.5787127745541432,-0.0597700832076697,-0.0035456506824933,0.7369706049071818,-0.6732676236217877,-0.6457201945553371,-0.0439578547636813,0.3159366722156979,0.2802526975975194,0.1212981316573826,-0.0426190856283455,-0.3013777175189044,-0.044505743035986,-0.1329637675393999,0.8190193470156498,-0.55,-0.0315475020432648,-0.1161774737110974,0.0880233342580106,0.5370763002429187,-0.3362030621765535,-1.0324285093671597,-0.558454490745554,0.1085976622054951,-0.4064669574304822,0.1868103271098511,-0.7638930998852435,0.1525408685902819
2.1376858302350232,3.760749010718561,0.5833760715554205,-0.0567498994516821,0.0027538468181267,0.7250554790152833,-0.6863427843212496,-0.6193808867697271,-0.0656786151139246,0.2940413072075964,0.2900910099030498,0.1195342197060339,-0.0349382828286616,-0.2965366030462022,-0.0573170973854109,-0.1620897034610085,0.7991732421119346,-0.55,-0.0338803763817079,-0.1138789409224087,0.0950696833467775,0.5104245408073048,-0.4013171170368694,-0.9272615548152482,-0.5288975512185942,0.1039660548485821,-0.4109266349034285,0.2285771372194739,-0.6919681240449141,0.1529102071328528
2.138224834597757,3.771616229376306,0.5902409964422619,-0.0514098764805019,0.0086127683004275,0.7112535306325758,-0.7010001854387482,-0.581304040977229,-0.0857350549984785,0.2480233843544376,0.3157896092957461,0.1054790924916433,-0.0393591639689964,-0.2755135268679913,-0.06616075922641,-0.1978610028507607,0.7509219317068302,-0.5260627474898572,-0.0359929120244175,-0.1102407418185568,0.0891020901705304,0.4763044482746458,-0.4884017433181041,-0.8009869078368754,-0.5053767371713839,0.0975628626129183,-0.4032183523580154,0.2704657500950542,-0.6229993861044099,0.1590590053390395
2.139398006046272,3.7843897685810752,0.5979520453015987,-0.0472032307999183,0.011158601047091,0.6998408051181549,-0.7126501161974893,-0.5452036275590857,-0.0959165104388671,0.2011980472603752,0.3591070935623816,0.0846108926547768,-0.0464486170389252,-0.2571113236700387,-0.0680277120632223,-0.2266645466722153,0.6830538770209994,-0.4711517950549162,-0.0392488423349848,-0.0932326990064768,0.088091142522891,0.450214605984907,-0.5630347442553001,-0.7009324778521182,-0.5102885028472072,0.0977855070996978,-0.3960154696719704,0.2975049217247145,-0.5860230445723877,0.1653961982492083
2.1403206044927248,3.7979591705857834,0.6043673361047263,-0.0432023650338086,0.012355474118439,0.6886255273799154,-0.7237235528539393,-0.5134519390709742,-0.0973735908621603,0.1580674355031609,0.4291872080005929,0.0542581854315659,-0.0526636674461577,-0.2419402810587766,-0.0666509954620725,-0.2546793907454608,0.6162130389243016,-0.4171596172691673,-0.0437856245046113,-0.0746783895733951,0.093734280163268,0.4377110930157867,-0.6114927955769411,-0.6285777023794074,-0.5249183799728271,0.1000464573092526,-0.3910597702608723,0.3200730584849663,-0.5736889512364854,0.1724378802798812
2.141199864465041,3.812498902653747,0.6083672003034278,-0.0403127837623511,0.0120342764115013,0.6785234338623072,-0.7333730328804605,-0.4926287368362531,-0.0927070420270141,0.1156184719836017,0.5239869737957923,0.0170097347576121,-0.0565062386386784,-0.2393795202142744,-0.0658193781494383,-0.2790396769014016,0.5687300121195359,-0.3727936627525695,-0.0477544486414012,-0.0528956407704338,0.1074222758726403,0.4434423292673772,-0.6224276998016479,-0.5928566040949517,-0.5233248962258733,0.1031613895034146,-0.3931939608078241,0.3382648693673707,-0.5835711595131834,0.1827898200939431
2.142214821750532,3.828127258479935,0.6092083134460088,-0.0396510193176575,0.0096732357540652,0.6733917418307982,-0.7381583754257626,-0.4849973411698209,-0.0796627871096315,0.0868870068622008,0.6470746447988037,-0.034103067708183,-0.0543587730140423,-0.2600435378255436,-0.0669600327197614,-0.2879657902874834,0.557075601728619,-0.3461042914144415,-0.0503379663867672,-0.0143256454665245,0.1338542249465359,0.4717409797931147,-0.5973386967506039,-0.6070314902409627,-0.4931065366017806,0.130569271218761,-0.4169441582630169,0.3316341666534211,-0.6408627742760933,0.1980713817423924
2.143062145232724,3.8435594093221166,0.6089535189123976,-0.0392437647900711,0.0073687078387221,0.6666361216238242,-0.7443130459801409,-0.4733111880091187,-0.0701482441758881,0.0529242767222861,0.7614694869309057,-0.0736618718748602,-0.0563617999510025,-0.2845688901091786,-0.0724693138416077,-0.3021501581655749,0.5580057014496914,-0.3270225336355952,-0.050463834747733,0.0190730706502786,0.1573652814274835,0.4970143115218874,-0.550099792652334,-0.6310180619175665,-0.4554815800189586,0.1419601859821551,-0.445032109297472,0.3343384774516305,-0.6825715765294336,0.2098937151251692
2.1427406906128383,3.857518101844671,0.6082530452220447,-0.037520253117393,0.0050168982036557,0.6589103890779947,-0.751268367831035,-0.4567564339261143,-0.0606891429285389,0.0148610230776321,0.8712087745625835,-0.1024621770838377,-0.0562608271288013,-0.3051713081915514,-0.0756162001750079,-0.3201843203934548,0.5599824067748987,-0.3113200292038849,-0.0512415998088588,0.0482514652169028,0.1758093059747708,0.5149879065229067,-0.498584901449853,-0.6460804781998418,-0.4162098546324459,0.1473612935509766,-0.4735010023165508,0.3400516593994683,-0.7135331063772599,0.2226888376829373
2.143197526844644,3.8709796347701935,0.6074392940406518,-0.036920132370582,0.0030654426841366,0.6513577773946719,-0.7578657880616875,-0.4342083735957142,-0.0555718082800524,-0.0184916848275126,0.9596762240206486,-0.1197756984113402,-0.0562444565951348,-0.3265408676411234,-0.0830873925747233,-0.3349421240274345,0.563715351057169,-0.296541019472071,-0.0498157948887571,0.0755824607675747,0.1832269855954504,0.5201515294876006,-0.4584217751807857,-0.6460876050483819,-0.3773160509962155,0.1504449797867204,-0.5067547980935396,0.3457621440389649,-0.7351526559104669,0.2344363902363668
2.14578601021485,3.885273241402284,0.6073085087425896,-0.0400865244559085,0.0015653159022096,0.6449330034597006,-0.76318545674798,-0.4120894452990986,-0.0603995590170228,-0.0445896627796905,1.0250683579037625,-0.1089231036837626,-0.0627024897542762,-0.352655090062853,-0.09848111190569,-0.336240767876891,0.5640942872075054,-0.2776826380617412,-0.0449817707267354,0.1004168799525482,0.1863485219401461,0.5167208434838582,-0.4295714969441299,-0.6474093122782548,-0.3426813062476446,0.1561637955526628,-0.5534403050991281,0.3474277533106847,-0.7570621810522914,0.2429528256734328
2.1464540833279395,3.896744046657149,0.606990807719929,-0.037670031812636,-0.0008916335229689,0.6373543753993773,-0.7696489939265602,-0.3836564791340123,-0.0609421147972977,-0.0868199180063789,1.0816121575866753,-0.0894226704053237,-0.075193228546856,-0.3640642227026371,-0.1015330014715648,-0.3508929446861262,0.5549975553868655,-0.2588999534992351,-0.0437564756117299,0.1195926532694425,0.18657731631843,0.516554371220141,-0.4170370273482298,-0.6431833812104354,-0.3265639608896215,0.1545461793796818,-0.5742806602386612,0.3471957140641092,-0.7693635377804782,0.2545164549948045
2.1474312937897406,3.9078261403102257,0.6067273560565336,-0.0346397031094788,-0.0035265748462064,0.6293285701412831,-0.7763589408529217,-0.3517590710280378,-0.0637180727268863,-0.1309030803693586,1.11487595327169,-0.0661315980993232,-0.086915633378778,-0.3723937187474281,-0.1043563061050339,-0.3677338751946423,0.5422506196155866,-0.2391483744629126,-0.0429980138276865,0.135514786695521,0.1823330352156677,0.5147928985870983,-0.4136481183241499,-0.6469519385168442,-0.3297938683128534,0.1468993200693307,-0.5876804671157727,0.3416466492677755,-0.7802028821433503,0.261877249139234
2.1490263257130766,3.9186604182173994,0.6065869352130735,-0.0315170350449885,-0.0058822290201028,0.6214423756458403,-0.7828035830496582,-0.3189334813270221,-0.0658438588311998,-0.1721880196948951,1.124251749743854,-0.0408666539785613,-0.1076978335048568,-0.3787063882579796,-0.1082542875784909,-0.3839075841292357,0.5272920279566093,-0.2184086948298192,-0.0412354858486197,0.1506908269072437,0.1747238736562786,0.5085586577017385,-0.4086254034537233,-0.6593038737233274,-0.3458468779862411,0.1380472130936467,-0.5975682919890504,0.3285274356815487,-0.7972567253029424,0.2644155505644041
2.15016736489324,3.929305444887387,0.6066567027795695,-0.0283996822708636,-0.0082419322248258,0.613849581341001,-0.7888689498817875,-0.286170033988526,-0.0667172270527285,-0.2102439004898253,1.111584683602087,-0.04271218069305,-0.1068549010750076,-0.3839287092971282,-0.1108256659647913,-0.3990756188600007,0.5099287433331039,-0.1976962085815266,-0.0381110768165593,0.1655258099292407,0.1649081174706364,0.4971088793882708,-0.395489151750174,-0.6784316189270595,-0.3625832562677225,0.1305862483304178,-0.6058946862840944,0.3089931403028759,-0.8235308996566805,0.2636374162567483
2.150770402497848,3.940179147022339,0.6060309964109276,-0.0252561842828296,-0.01117786658157,0.6067900790185292,-0.7943821375502121,-0.2606218808155485,-0.0607355797853843,-0.2361857102745101,1.077639633507814,-0.051474659577541,-0.1072337736319573,-0.3930541280136218,-0.1123108778592971,-0.4125422771219262,0.4981401055082682,-0.1801175134062808,-0.0371612383275931,0.1795864433965608,0.1552121197989263,0.4832846864360189,-0.3754137284638205,-0.7033912928723747,-0.3715270600635629,0.1251349669008898,-0.6142031939494405,0.2861454125869557,-0.8574358718104015,0.2613613008150637
2.1505607917918503,3.951574267435519,0.6046594901059601,-0.0223477791003831,-0.0150143266871899,0.6006276255129295,-0.7990754671707246,-0.2438954555650292,-0.0500737521855686,-0.2508854110585166,1.0239758819154752,-0.0678411620135902,-0.105133665278714,-0.4078101167490616,-0.1122279443098514,-0.4236217541676017,0.4922548816104902,-0.1658104433264597,-0.0394855115934455,0.1922470976286278,0.1467425754495522,0.4700491422005423,-0.3549217182580229,-0.7327693375202935,-0.3728525013561504,0.1198610255847636,-0.6219135788470784,0.2636198953725488,-0.8942243515912148,0.2604737109700073
2.1498655451628483,3.963544318205957,0.6031377578901634,-0.0198448895023467,-0.0192907490983526,0.5954481233138497,-0.8029169196136543,-0.2313464256527282,-0.0377643809553771,-0.2577405045117885,0.9643760453909208,-0.1074419752330353,-0.0956123084570949,-0.4253407618444992,-0.1108108080487526,-0.4317722678932153,0.486269555733913,-0.1517586920352653,-0.0434101388166294,0.2022876022442175,0.1395091906224601,0.458262161781103,-0.3406154947149792,-0.7626880054745392,-0.3721764051943649,0.112743979162358,-0.626757654191141,0.2433057269551354,-0.9287607454163336,0.2648220185180533
2.1487321469221734,3.9759687273221545,0.6020157088728904,-0.0176104579649993,-0.0236086003588531,0.5908101365811087,-0.8062728373648532,-0.2251650120247205,-0.025788144071662,-0.2536404331089175,0.9192574920335496,-0.1774812784280793,-0.0685239503869411,-0.4418768341449744,-0.1073323317706376,-0.4382766738629986,0.4733711506350709,-0.1349855316756181,-0.048081488807863,0.2076566794869626,0.1320404710753635,0.4481107825663854,-0.3358648417220195,-0.7884915740074125,-0.3747402321668638,0.1027246756467431,-0.6260916548302425,0.2251097555092625,-0.9592876674989104,0.2756949238568102
2.147593123417644,3.9895100118282927,0.6008636190164716,-0.0158457438853356,-0.0283360010791545,0.5869754520863514,-0.808953522825376,-0.223627321429084,-0.0126891360643086,-0.2359754207472702,0.8775201970500991,-0.251512387396022,-0.0414185883852942,-0.4597883387056233,-0.1033514104931722,-0.4421047210815065,0.4562908756753742,-0.1160438411204543,-0.051020174668924,0.2081936953779298,0.1218853646406717,0.4398099559607252,-0.3398884185885459,-0.8065567294657323,-0.3814196262887794,0.0893034003584201,-0.6198092768353528,0.2084744136547546,-0.9871937205767236,0.2902896612935787
2.1469304328671948,4.004258139327717,0.5997319855878979,-0.0147249085955275,-0.0334842672217447,0.5855015906778642,-0.8098455829534214,-0.2232826234348231,-0.002234471422853,-0.2181338486788485,0.8334024195954735,-0.3228238969793461,-0.0213417125516155,-0.4796447055672556,-0.0998894007297076,-0.4459981067805583,0.4364127227294934,-0.0983579753401553,-0.0488998109319213,0.2070963256290748,0.1083095370442442,0.4333071899454587,-0.3503990501523099,-0.8144374185144877,-0.3891663775313192,0.0738969963870567,-0.609579057501343,0.1941753642320185,-1.0142146611741614,0.3043822590317498
2.1465739087779774,4.02015451936047,0.5978168613322219,-0.0145897407839731,-0.0392096464596952,0.5867585099657757,-0.8086805265808645,-0.228033406571697,0.0048347817810509,-0.2030785855080814,0.7927008164429177,-0.3923808737739115,-0.0071897874908029,-0.5053082193766331,-0.0965857955980558,-0.4486557437032493,0.4193726114637244,-0.0799398015976109,-0.0517024230575375,0.2050695876787341,0.0919204598940641,0.4281465094407016,-0.3660194557443795,-0.812086756200192,-0.3941656291349633,0.058490848457887,-0.5978125109099939,0.1842621458183984,-1.041721753355733,0.3173922728355043
2.146158380789124,4.037506108328727,0.5938674780182137,-0.0160253170843635,-0.046305229818115,0.5906851821433163,-0.8054129565012931,-0.2467802414275553,0.0088138897280496,-0.1895280094884937,0.7720744996260352,-0.4660024775262106,-0.0052065951657976,-0.542408274812027,-0.0960403998457305,-0.4519143320268722,0.4128921260114876,-0.0546662172726326,-0.048249947372074,0.2020860092450102,0.0738364554083067,0.4239721871217256,-0.3853791607959277,-0.8042937113073602,-0.3948801565810728,0.0435634743650214,-0.5861856986178987,0.1801373946197718,-1.0716945822978423,0.333889900153365
2.145037052827155,4.056651546717523,0.5880661641636634,-0.0189562957753737,-0.0560630202473758,0.5959880034299238,-0.8008095256544039,-0.2914939220288658,0.0105765032129304,-0.1761984606089255,0.7890427890631562,-0.5268997950659339,-0.0009241301329903,-0.5927844596604439,-0.0956716916386077,-0.456796062561675,0.4183868635711217,-0.0327110023729082,-0.0424699161781363,0.1955061562125285,0.0553881665290425,0.4223569193015965,-0.4053478272765167,-0.7993622905177038,-0.3906971544888231,0.0269930039409799,-0.5730757946880825,0.181261358936195,-1.10575088632854,0.3599072544181794
