-2.525350324143648,2.0868495490516232,0.6117866880663535,-0.0880831198478925,-0.1311987311355929,0.6765777019273808,-0.7192154546455028,-0.8948903976313878,-0.0047506532989605,-0.0428386810729629,0.8465247225083149,0.0173324977152674,-0.0572234310405727,-0.3251831506116821,-0.0161220769698253,-0.1555877576410787,0.4799385931422014,-0.320543110119957,0.0762212833216563,0.0500336840870705,0.0899920417350996,0.4842381138339399,-0.6847304906817335,-0.6156632688442444,-0.5001829655789779,-0.0402299320207624,-0.5537855571354953,0.2472801604257103,-1.1273038567886575,0.3189876395915091
-2.5279044193210773,2.0283424499154528,0.6028188956374488,-0.0738907860502403,-0.1376078367557345,0.6902485146638909,-0.7065134273349505,-0.9188471052907656,0.0688556442213101,-0.0756357334569871,0.618477113550546,0.0213744823448272,-0.0668953429705698,-0.2031304961287557,0.0328239238131266,-0.1300452610803147,0.4139293093097664,-0.3411625135170223,0.0760488368368518,0.1113117657337211,0.1677054198057207,0.5376132780302557,-0.6104963103203649,-0.661322693519287,-0.4654011821433946,-0.0472578861616563,-0.5507382072156514,0.2013198349066496,-1.226450280876774,0.3169098723684093
-2.527795238650908,1.9711863409272048,0.590571145020023,-0.0651410968426101,-0.1399786325647092,0.70225811496512,-0.6949792514119345,-0.9395081572169368,0.1248522100064916,-0.1267281564460794,0.4197938600396395,0.0123570264062604,-0.0585640005551807,-0.0882313124092378,0.0520446977396878,-0.0972695442879971,0.3626961923561924,-0.3628060733579936,0.0839472708322007,0.1580695760188684,0.2157675224590689,0.5658915769889522,-0.5305250400815635,-0.680292266898928,-0.4299612967505056,-0.0829338939221479,-0.5408224216481764,0.1778507935254939,-1.2817711959637714,0.3544365670837194
-2.5252294926215093,1.91816020126499,0.5789449632092092,-0.0612808749176124,-0.1382806177205064,0.7131807563226205,-0.6844679203171344,-0.9559831814281836,0.1671571452188122,-0.1651065743337724,0.2938635626942531,0.0292646944026178,-0.0932115458641796,0.0191864416014281,0.0456076597330288,-0.0624968883335562,0.3085314579392562,-0.3586521579794782,0.0924763352131377,0.194129723613354,0.2564164931755378,0.580898104317835,-0.4407121999040251,-0.6884321658663929,-0.3949144175295855,-0.0951196386047455,-0.5315596614797504,0.1351499338785498,-1.33595303381308,0.4042226344448192
-2.5238654747913363,1.8699624954495655,0.5671914375526179,-0.0574799147311155,-0.1376834983963488,0.7188822750835193,-0.6789312102434167,-0.9605245248558396,0.185779987409698,-0.1103119699372987,0.269010151587524,0.0107086947311676,-0.0875608486148623,0.097569352261182,0.038693706243698,-0.040379035441788,0.3003459185817926,-0.3369181047362601,0.0922861585955976,0.20978215479204,0.2781830678932279,0.5873662598112318,-0.3625592970026163,-0.6652206709685689,-0.3623710104732605,-0.1030775562685205,-0.5069433998770333,0.0866004310660883,-1.3699024810057812,0.4349459230019505
-2.522550482719716,1.826961961494503,0.560255980986828,-0.0539428518292537,-0.1365415653022105,0.7190778880076693,-0.6792448458838539,-0.963639543416164,0.1794277844505748,-0.1029782886124818,0.3550651918743296,0.0647525194929003,-0.1042555276982555,0.1372420945731118,0.0339250709483519,-0.0273649816082064,0.3509918195172993,-0.2643746807246032,0.0833347635311365,0.2029251644027985,0.2819163069798772,0.5807006593756683,-0.3204852615728495,-0.6114718643871478,-0.3328341057340757,-0.0997922819237915,-0.4741908931759014,0.0386742565424392,-1.3872328193754817,0.4380880463073195
-2.5187581957319543,1.7858551387914396,0.5559762722431261,-0.0540799396545857,-0.1344244841132075,0.7181146086529667,-0.6806738036953176,-0.9694573885698092,0.157884496915452,-0.1303390090687098,0.4606406722803445,0.1759205642584946,-0.1351920457739692,0.118458949027199,0.0225482178838973,-0.0196610036389205,0.4938223543254572,-0.1293296630774157,0.0517242776259095,0.1867864464341901,0.2510236802565176,0.550768396370926,-0.3433938975316999,-0.522362825992542,-0.3045480140581346,-0.0729454501086474,-0.4535456773422004,-0.009223301040384,-1.3994459357124558,0.414895565411446
-2.513948802550476,1.7461251376830504,0.5597347952233926,-0.0570115866482172,-0.1359482527783146,0.7157543343475213,-0.6826151803301137,-0.9631951929874224,0.1347054170165918,-0.1394015558713992,0.5607930741014223,0.1618167064757442,-0.0928290236435372,0.0322988838500237,0.0076295192854093,-0.0309922698415697,0.7338425866905398,0.0403919275890929,0.0657924395252396,0.1635572206690572,0.2064301679522334,0.5136567044594786,-0.3924849561266492,-0.4440458765692551,-0.3089792545480957,-0.0535128559963339,-0.4307626174122291,-0.0382453863236261,-1.374206518505262,0.3959516688293601
-2.5068008845624266,1.7078546424991323,0.5678536347757227,-0.0627900909921662,-0.1389075169119056,0.7139938487861515,-0.6833556102894762,-0.9439125127995894,0.1163104485915157,-0.1336961903139161,0.6389392044044424,0.0730036271352542,-0.0826214967488156,-0.1121996081783899,-0.0160956402924244,-0.047845904867888,1.0054423388799971,0.2139654084665437,0.0827832098402154,0.1395540186214777,0.1567831141691518,0.4782791580642814,-0.4534431623456915,-0.3976486922508334,-0.3564583278934372,-0.0384393837624824,-0.42062444906132,-0.0365123174521178,-1.3103553315134353,0.3779326060554585
-2.502862769374372,1.6717291839964272,0.5778588762182874,-0.0706642807077392,-0.1419959891182161,0.7125738124095354,-0.683434166818237,-0.9088377438325,0.1056626285977959,-0.1192191020216004,0.6699032498533071,0.0011248534325575,-0.0741615444002126,-0.2791402663941891,0.0002324129884918,-0.0194522501783193,1.2226294994857276,0.2520806434370969,0.1217615141062708,0.1152595881712491,0.1040980460651764,0.4617947507058459,-0.5145786056139406,-0.4028682399944064,-0.4304599767057036,-0.0273844565418171,-0.4358993351756915,0.0174768670351842,-1.216354434392958,0.3456313137626449
-2.5031653445835635,1.6336240243664537,0.5905662485279342,-0.0777702076268659,-0.1422414149102219,0.7124626053770428,-0.6827270396207905,-0.8457277238900334,0.1034210992491739,-0.1022627797868207,0.6566667787562424,-0.0539638334273145,-0.0679415705089947,-0.4441270719444484,0.0453202858061967,-0.0009857128522041,1.352757603470266,0.1788349108416049,0.1232353538363755,0.0957226769369835,0.0479772863070473,0.4657933673055874,-0.5557984343889892,-0.4577236978983607,-0.5067626393093692,-0.0175915518157741,-0.4667914778815673,0.1369355978863275,-1.104749684415972,0.3148180172145729
-2.500929213046929,1.593369567926688,0.600684362960937,-0.0874548819330487,-0.1354222632123818,0.7123249781814374,-0.6830853385275725,-0.7679459737783462,0.0822400014542774,-0.076418326914915,0.6295845458772081,-0.1047897106371055,-0.0523351324277077,-0.5906118692197088,0.0381921942833096,-0.0282768786827139,1.3831477046791776,0.1501059083635728,0.1482531816496519,0.0786940853047653,-0.0146281579487013,0.4653089354917674,-0.5609797475696762,-0.5428063541623281,-0.5567401054270323,-0.0014284247265644,-0.4991396333216716,0.2945134270417799,-0.9894119067787076,0.3281688410197938
-2.4983361167406457,1.5484134010773904,0.6081709839750921,-0.0971787115056719,-0.1250298678448446,0.7091814559752777,-0.6870120032994936,-0.6774488298640312,0.0476491351449438,-0.0549822936555315,0.5925822882643946,-0.15074621342424,-0.0343918866626324,-0.7085456856966622,0.0128839059886515,-0.0678657519180361,1.3362518458259312,0.1018125986557342,0.1280230988950265,0.0559724321063772,-0.0607215375200654,0.4666139513246488,-0.5186247954529585,-0.6647355920710055,-0.5570155324208573,0.0134866606978287,-0.5055340946446193,0.453055093587717,-0.8603628416040204,0.3831258192118858
-2.4958587048218472,1.4978858401546418,0.6116730579631351,-0.1066691200475401,-0.1108470934819943,0.7009707553794986,-0.6964011924153863,-0.5758981683184641,4.562208748060473e-05,-0.0439292501047959,0.5523434053267463,-0.1931004272425209,-0.0185641801200448,-0.7898839514907176,-0.0304875274223154,-0.1081586173200072,1.219595140081207,0.0538367072753236,0.1095244263324895,0.0194904239303778,-0.0984953948849967,0.4556701295779106,-0.4637601586027083,-0.7917886087348757,-0.5010594487205883,0.0342047763533125,-0.4845179286112492,0.5694215436387507,-0.720993143608748,0.4407911196761981
-2.4933830044558123,1.444734251939097,0.6118218600903911,-0.1162919548445015,-0.0972720872949624,0.6881504294302596,-0.7095514842114519,-0.4732304702306014,-0.0494321327150315,-0.0467987487197569,0.5105419484561535,-0.228500955488142,-0.0008899667313263,-0.8438367662063785,-0.0879650190923224,-0.1522033629583191,1.0461431766609448,0.0218774313432633,0.1094630374166833,-0.0286339528442895,-0.1337647407285818,0.4427121967855843,-0.4150607250789611,-0.9199689267420176,-0.4223918214218807,0.0650605767648098,-0.4569732292774675,0.6274548767212774,-0.6096301729007247,0.4644571334133562
-2.4922743471139337,1.3894013844411532,0.6072749439581121,-0.1258064099713816,-0.0849430620242766,0.6713342299634102,-0.7254431577342825,-0.3756491537878206,-0.0914831057531802,-0.0693264265625312,0.4842170170805439,-0.2684540473015533,0.0089276618328031,-0.87323962755446,-0.1418099860887946,-0.1733758580268166,0.8181336911789283,0.0347255071798406,0.1150885929980851,-0.0827484411909125,-0.1693017540727977,0.4304312925153987,-0.3758220652870417,-1.048533575771928,-0.3748445696407013,0.1109690313900108,-0.4444360596316691,0.6358145397879965,-0.5597606864981126,0.4657686931647963
-2.4880581690541352,1.331152999835221,0.5993485679531928,-0.1349065056509744,-0.0709707000330468,0.6544869540804077,-0.7405472445485246,-0.2658376614229695,-0.1308168098354893,-0.103429198286002,0.4497657559154116,-0.3041033175578962,0.0191630406922136,-0.8834564253697827,-0.1988104382001001,-0.1768369772552026,0.5680053851220211,0.0311805310117311,0.1123108480594716,-0.1267723884374673,-0.2439827937056488,0.3870472004490263,-0.3680909610613456,-1.119702338830676,-0.38963183892688,0.1718714277863174,-0.456978419549609,0.6112782845821673,-0.5684914609715649,0.4562628014378725
-2.486685282976311,1.2705376663747778,0.5904646184384167,-0.1377915039722409,-0.0604289764597285,0.6373107035386274,-0.7557756991278541,-0.1424438744666082,-0.1376870430032641,-0.1561410738802876,0.3963335798512153,-0.3186855981779449,0.0181962285799571,-0.8802275601663034,-0.2447404080190159,-0.1635731029815725,0.335793462673526,0.0195762286696531,0.1341795049384864,-0.1674026813125633,-0.2887857091393492,0.3619853324469935,-0.3520530820622949,-1.1994090410292566,-0.4389566835538599,0.2373468473871917,-0.4745252445195752,0.5686234202724645,-0.6151164356821585,0.4349881463099561
-2.4873973580773114,1.215102433319225,0.5817252291372134,-0.1364083487867809,-0.0548962436230418,0.623299385600259,-0.7680345309474587,-0.03354374632193,-0.117160815847397,-0.2034012696605154,0.3472850964535109,-0.3131864910334446,0.011593041164689,-0.8817745688335795,-0.2732468369620924,-0.1522869083383446,0.1884936357683646,-0.0035250612543361,0.1786569601160666,-0.2014217882685164,-0.3106518967336606,0.3515457212426353,-0.3263742917473136,-1.2685542578322784,-0.4901544905955971,0.285035548687238,-0.4827126388456033,0.5164049382896584,-0.659732720027163,0.409449764404372
-2.4877345076443387,1.166007414287895,0.5722050129961985,-0.1351088223526267,-0.0504737138658485,0.617781619489632,-0.7730096253940452,0.0488410461388971,-0.0975612106823863,-0.2271440184962049,0.3339714482165101,-0.2883986040396137,0.0075089185716177,-0.8855882084295377,-0.283191177194797,-0.1743412716492128,0.1722146966155689,-0.016349147605877,0.2475564844845829,-0.2204719230391502,-0.3153030747266578,0.34690100732747,-0.2926794450036348,-1.3152148299097706,-0.5135084434278034,0.3093241504754272,-0.4831332129213124,0.4655431805536137,-0.6795349894680337,0.3918861272163849
-2.4860231389366345,1.123519572092712,0.5656254882452565,-0.1355693340626181,-0.0466022938519682,0.6227727906497478,-0.7691574826366043,0.0994646203933575,-0.0959183135051864,-0.2274506148864011,0.357770862244725,-0.2154685000548705,-0.0001819905015989,-0.897638396073442,-0.2768763012018289,-0.1798266822975126,0.2761559998586648,0.0454328822235703,0.1625363977257117,-0.2186566815429173,-0.3048660694018693,0.3436744841259966,-0.2565743809214255,-1.337806687496628,-0.5119909975083574,0.3133993096025492,-0.4798738714569697,0.4311720785697026,-0.6778170731108825,0.3829521460447235
-2.48545729175545,1.081953272837536,0.5603872718299794,-0.1352884640352347,-0.0460860982436354,0.6360443445298507,-0.7583011900552823,0.1148867399638809,-0.1030290538012166,-0.2103213408611025,0.4412886968521745,-0.1098520173265049,-0.0097808264666624,-0.9277782312080252,-0.2502570195532154,-0.1415410744621775,0.4163732422845971,0.1473863577076215,0.1104678909391927,-0.1972432374863558,-0.2531019702618032,0.3598167274226844,-0.2133359521655483,-1.369198778279795,-0.4897352035715815,0.2963449463472913,-0.4693763533565929,0.432063730410581,-0.6560598795947691,0.3709856937699499
-2.484331330116708,1.044114763026643,0.5602313469005598,-0.1394408187927107,-0.0477932336790274,0.6474847962586898,-0.7476867682945597,0.065418754302638,-0.12287341709094,-0.1773480150289114,0.6106521820877723,0.0479949539340772,-0.0783751556121847,-0.9532841761219698,-0.2267711153304811,-0.1046371112628189,0.5502551853450789,0.1427684344863173,0.045132947447589,-0.1752089991565433,-0.2211981899449878,0.3637329362212951,-0.1932981659205624,-1.344310945402097,-0.4755234300707143,0.2626875738236572,-0.4651911181386398,0.4491493095898362,-0.6335521573544702,0.363248810386891
-2.4844022113104023,1.0047640621086291,0.567071145998837,-0.1439114370613751,-0.0501116092856764,0.6552018755799444,-0.739924879385909,-0.0347511231633209,-0.1407011012886777,-0.1362125078623794,0.8393804019855415,0.2132533405361293,-0.1568038155567778,-0.9421536187516976,-0.2113802947352692,-0.0892718755203052,0.6424642345089725,0.0429556160425887,0.0197240077581092,-0.1587180706802193,-0.1984002596686963,0.3701634796576954,-0.2041933869608839,-1.268454980245871,-0.4553474607419722,0.2143475100133564,-0.46547073684427,0.4717200798114187,-0.6136142741727255,0.3690683806696623
-2.486268303129695,0.965762699186732,0.5774621705481704,-0.1461067787165683,-0.0547358713356257,0.6579200424099214,-0.7367482686762983,-0.1671649547541185,-0.1505715436011045,-0.0983476527693079,1.0594696235543273,0.3007084462766653,-0.1782436398394711,-0.9001532047690025,-0.1988382053173629,-0.0948760470317622,0.6795620156067285,-0.0373624414530453,0.0044726098454002,-0.1506725347215672,-0.1849616714893985,0.3952565033381754,-0.2660961544855982,-1.1537052656651128,-0.4239147205928615,0.1556414710789273,-0.4708508588257421,0.4876597709871119,-0.6126378010754558,0.3844109632377743
-2.4883569000468717,0.9258393480722108,0.590649835638919,-0.1445752446851842,-0.0601475429223178,0.65779634402011,-0.7367389235668252,-0.3177431567168168,-0.1670081281873925,-0.0809766581633678,1.2194656709460705,0.2124109113909104,-0.1657536497557467,-0.8295553074380018,-0.185760624146018,-0.1150915887504685,0.6684114009553884,-0.0910496872416646,0.0006994052941921,-0.1448570847553818,-0.1801741273023819,0.4220983926315506,-0.3855586837108831,-1.0130891985204935,-0.4061987385948478,0.0956262479220871,-0.4848678603982052,0.4887762239433446,-0.6399516670204375,0.3980012534396487
-2.490912517753732,0.8855871242781855,0.6021348187497305,-0.1392649671399634,-0.0675241214378707,0.6570448125929844,-0.7377925698976635,-0.4664427445022439,-0.1672490019296476,-0.050838975928567,1.3034748033675314,0.1308625206197428,-0.1474362762016481,-0.7510956680459635,-0.1643317996449363,-0.1435556325579406,0.642649606556776,-0.1317749815588409,0.0008281558590077,-0.1347344812018541,-0.1790584493134516,0.4314355285521177,-0.5346976526845612,-0.8632842659618154,-0.42924185965911,0.0404007751401075,-0.5022343533845843,0.4698679861807102,-0.6947103946315812,0.400858439400398
-2.4943437646393805,0.84220983679177,0.610478486403469,-0.1302400100400602,-0.0765498028493937,0.6589855539208975,-0.7368281395224071,-0.5974102593219811,-0.1382963970182403,-0.0064626035770363,1.3031213722162294,0.0995440120188013,-0.1166609544755695,-0.6666985570708223,-0.1269008060174521,-0.1717975949981226,0.6126723324989541,-0.1712428742434413,-0.0022697724762335,-0.1128839142602418,-0.1702093606801415,0.4201428826790488,-0.6707182933730645,-0.7198455621138901,-0.4870123808054929,-0.0041469313469819,-0.5143107626985312,0.4305954722503027,-0.7684253284483792,0.3896283981014173
-2.497566618578176,0.7933372814449772,0.6151670535000727,-0.1169125363784752,-0.0851725259781671,0.6650658947341073,-0.7326421058863404,-0.6944367720798108,-0.0990637595785863,0.0247285043348505,1.2314146230674703,0.0825594176848894,-0.0913486309297393,-0.568992588918382,-0.0748505868876613,-0.1928094818020373,0.5763496798756864,-0.2114242936271097,-0.0117685778760727,-0.0782002470651352,-0.1474881211408878,0.3948454474488599,-0.7645815119501005,-0.5886585255295267,-0.5472153025313178,-0.0396604362698291,-0.5104531291573828,0.3837642346831231,-0.8470182372888311,0.3692733732203952
-2.499229143946323,0.7417910904548346,0.6164107886189321,-0.1044510607648496,-0.0929147343214085,0.6752732478145933,-0.7241980867394024,-0.7650752525919344,-0.0624056669007364,0.0395303115204743,1.097983690207195,0.0476414591062409,-0.0768585931589472,-0.4696771620233895,-0.0223650853676617,-0.1943641607414203,0.5379263950108423,-0.2483380190250942,-0.0163533080917566,-0.0296295848312169,-0.1035048016933022,0.3809191471057221,-0.7991420075931047,-0.5118535016744178,-0.5752820546574295,-0.0636399194228109,-0.5093056138188492,0.3342088453060248,-0.940979825205136,0.3382347870904282
-2.502088775433873,0.6862039945913349,0.6130160118179087,-0.0889877662846035,-0.0996956400664045,0.6881152204669148,-0.7131895962261345,-0.8034103991259485,-0.0090718243034126,0.0466641078179086,0.9158458031555252,0.0359754037622586,-0.0836585435518145,-0.3589029229994357,0.0346683348967708,-0.1813929008358035,0.4972607342318549,-0.2873926578953558,-0.0211611563190019,0.0264576011411364,-0.0384930560133409,0.3915720236140381,-0.7804708332899241,-0.4906444726484494,-0.5623556700072615,-0.0788738574837334,-0.5029340968807773,0.2909101630564437,-1.0448903697432883,0.3187296793534569
-2.505820573963801,0.6281712830916597,0.6058442262905266,-0.0737987482789199,-0.104841011164655,0.701121293660529,-0.7014207287400515,-0.8148632199404359,0.0423078990912366,0.0459390780363387,0.6865893176150871,0.0403365488869421,-0.0492613552668754,-0.2355692137269803,0.0854707319110557,-0.1552730682174805,0.4431021953179706,-0.3256004971127408,-0.0253481788971793,0.0821301586483139,0.0390502088759329,0.4263434023632954,-0.724853257975226,-0.525130736626061,-0.5134216663096877,-0.0934308040901282,-0.4950309598225213,0.252408501980366,-1.1487390360837717,0.3281264952523921
-2.5097832003821234,0.5700238019325521,0.5955237965506228,-0.0605084946260991,-0.1079061737037931,0.7126257128529437,-0.690550195956475,-0.8196531386329823,0.0836564982824684,0.0068332059856739,0.4486833217068935,0.0329170703933481,-0.0559944541369928,-0.1080211018878414,0.1216932858176059,-0.1219760375706064,0.3852176910439984,-0.3584943127161927,-0.027032275078748,0.1277289206721246,0.1058330773047703,0.4609311287477504,-0.6493128422039743,-0.5669554949362937,-0.4509096018633139,-0.1428712368358919,-0.4683644399772066,0.238301355972798,-1.2023471744315055,0.3711264698140607
-2.5102306829822214,0.515443297327727,0.5865313833542908,-0.054555611838013,-0.1055501546693177,0.7268578879682868,-0.676432155330115,-0.8219025245129158,0.1131453644059968,-0.0255495151798657,0.2527134924048058,0.0286898699252067,-0.038881657796442,0.008624703718929,0.1219774283669571,-0.075313436331086,0.3273785382544177,-0.3628982236854494,-0.0196907629510957,0.1783702616044342,0.1593922084238377,0.4813006825023362,-0.5693376305981569,-0.6057621598578354,-0.38557443240724,-0.1558586816609781,-0.4624623934902885,0.1962482132383471,-1.2720093457643311,0.4148895575693548
-2.5085663138240206,0.4654566313178976,0.5768325373095664,-0.0513116621501786,-0.1027611573332174,0.7397807827613619,-0.6629718329822999,-0.828030101071929,0.1345766533787215,-0.0147201860047655,0.1586639516535739,0.0136622332588628,-0.0964458459054223,0.0978680225551908,0.1029718188625396,-0.0312880002310295,0.3055087259118496,-0.353587160981037,-0.0072125288462082,0.2221210205202596,0.1941857535677562,0.4912280667953488,-0.4951099665431202,-0.6150815156666589,-0.3362902657383069,-0.1576250726533902,-0.45516728659832,0.1420655803634821,-1.3249843280007674,0.438608249750289
-2.508687920791716,0.4223116417184394,0.568368205919732,-0.0484280482719141,-0.1018204540019964,0.7439100935939759,-0.6586995460271722,-0.8297022463454896,0.1364078970048014,0.0250641482593821,0.1948487209794834,0.0585200550894392,-0.10893151005209,0.1591462662648189,0.0897456235336319,-0.003854857962232,0.315161632463278,-0.3160114131360347,0.0122098720315678,0.2367266851608677,0.2139383861685236,0.4980266863782939,-0.4392581107924231,-0.5954450039766503,-0.3127145442011665,-0.1553683461526661,-0.4373478095864037,0.0845855565849259,-1.350010108614035,0.4343817164390956
-2.508126743595803,0.3818406164711141,0.5622119397134014,-0.0474452521803594,-0.1018351457287433,0.7405613769417065,-0.6625310544586961,-0.8497067705735131,0.1116284077449382,0.0016577172396871,0.3199956453701383,0.1593181181928454,-0.009412918896299,0.1800039157135326,0.082344962096503,0.001372489243608,0.3883056959205585,-0.240354785971718,0.0235543544162688,0.225773104723624,0.207015608412913,0.4918600609789169,-0.4281990450296184,-0.5421240035050479,-0.3086234323107679,-0.1325261194411432,-0.4243946140963945,0.0225835843638575,-1.3645215324789428,0.3985272964339062
-2.506568620517416,0.3421050599733407,0.5579722238521491,-0.0478162454335537,-0.1030932105371623,0.7349241609231333,-0.6685595518016383,-0.8693967843381786,0.0864379552115599,-0.0287698935219608,0.4467390345162256,0.2288153027315391,-0.0004255331025315,0.1532615566070068,0.0768005096346536,-0.0037316435916257,0.5372019974567841,-0.1135413023016227,0.0463332198176453,0.2046366344500195,0.1873175502700885,0.4766692280815789,-0.4515442991121488,-0.4806223675222045,-0.3191794946945261,-0.1114057532144351,-0.4092134349396343,-0.0224962018922301,-1.3415818505097628,0.3641941903035708
-2.5044032135544234,0.3034908718005984,0.5636456908143448,-0.0499451146761936,-0.1055456142485809,0.728725436430586,-0.6747776279130218,-0.8681860785112843,0.0654019725107858,-0.0401838721655728,0.5642313497231439,0.1376588903766032,0.0057202800631069,0.0645774755342561,0.0684352063405841,-0.0189883611735313,0.7678797505089229,0.066440703362897,0.0849978740355605,0.1827912317259961,0.1478264550250799,0.4491785952515162,-0.4977189613458527,-0.4212883329787924,-0.3474775204050752,-0.0850447463896256,-0.4012163781680665,-0.041764918530549,-1.286441781600378,0.3321924483684443
-2.4999158359989924,0.2644975398737533,0.5723962153113986,-0.0540053895610746,-0.1073517723528405,0.7262102504945367,-0.676888238151413,-0.8358740973895675,0.0481495801496336,-0.0361429222133785,0.6234816249268711,0.0446909868745238,0.0183530898806037,-0.0664993427451015,0.0420978882166489,-0.0348098486943489,1.022057056680051,0.201024658301743,0.1329025823990431,0.1738251550147072,0.0997411673588276,0.4189234008963235,-0.5449072029190919,-0.3928671356110527,-0.3954279264564075,-0.0570124496618434,-0.4177461972078322,-0.0057195712048005,-1.2003196230703774,0.3022536247720095
-2.4962570952443697,0.2274148602421984,0.5831784861256195,-0.060549615639122,-0.1071053439375691,0.7251483406599206,-0.6775116776736286,-0.783025103482893,0.0308974090650517,-0.0252295730424776,0.6278066199495149,-0.0171350277148833,0.0317356258928243,-0.2192510358467621,0.0352372578781494,-0.0251658428118077,1.2303235580291476,0.1537107069185112,0.1216868453986303,0.1692179561945154,0.0461532146259248,0.3977725896834347,-0.5817671492959348,-0.4109298553507087,-0.4483655316447848,-0.0341078780996178,-0.4551111600816043,0.1105217498807972,-1.093861751459962,0.2868201592481164
-2.494241889438424,0.1917744303459328,0.5940008854500999,-0.0699257891577914,-0.106026670500418,0.7245526565802344,-0.6774158080498138,-0.7223795336110718,0.0137823477045642,-0.0115255040009057,0.601768824482391,-0.0591205111755696,0.0353583857593229,-0.3852326904549926,0.0325903961255701,-0.0247274951518319,1.3661305881681072,0.0573841929425266,0.108680013175655,0.1664289862407138,-0.0063284823080879,0.3985280294556603,-0.5947148563934151,-0.4863432692941816,-0.4809333292884483,-0.0071519494446972,-0.4974315993550308,0.2815161283801646,-0.999285327372598,0.3079623182987528
-2.492295103907247,0.1526147282524909,0.6027234734236555,-0.0804792076173911,-0.0993230117151497,0.720948265510832,-0.6810959073008979,-0.649947204495473,-0.0193170491187139,8.866617889808151e-05,0.5679114743172613,-0.0938469622556738,0.0387453217211611,-0.5285452259471118,-0.0019671870500477,-0.0521894974049263,1.4102721084038563,0.0140122771861843,0.126144219111848,0.1560617843407114,-0.0604180676739536,0.3951330328552807,-0.584341043563616,-0.5796951614288207,-0.484901368349573,0.0361337676567477,-0.5309341879787526,0.4615381500571782,-0.9158059330347752,0.3808783479485317
-2.4886676731112245,0.1088989087398524,0.6083275634967726,-0.0928685911091848,-0.0876064419592088,0.7131377375737625,-0.6893004449155823,-0.5666579919996718,-0.0719856340134184,0.0075021093142299,0.527441354998885,-0.1243558113586405,0.0508406586063132,-0.6500973165146284,-0.0558866026088103,-0.0921258728475677,1.3864785271887052,-0.0119362855252765,0.0780516082689938,0.1373797691146737,-0.1093613730541592,0.3794334039108187,-0.5561837991584098,-0.686381042478431,-0.463721997693561,0.0944158271609919,-0.5567683355600128,0.6128589145554024,-0.8371808524261611,0.4711289401553215
-2.487302733323336,0.0626204515087593,0.6103130207012288,-0.1050605792381388,-0.0763350759021231,0.6999327166965132,-0.7023029424507647,-0.4834072275824519,-0.1250100658302244,-0.0067708636662323,0.4923481704831912,-0.1544073386934455,0.0622032164393779,-0.7429100003899158,-0.1166869155989044,-0.1330064676909423,1.2880061979605564,-0.0399301009797647,0.099124303819349,0.1060439246804306,-0.1448293219459187,0.3679762999329195,-0.5189717065427666,-0.8132363665177603,-0.430912873335193,0.1653742980454846,-0.5760862650867712,0.7090575092295537,-0.779956382054598,0.5429198442581961
-2.485536405128228,0.014446351228291,0.6087714772981563,-0.116331589875852,-0.0651470370904344,0.6832451538981446,-0.7179128668787004,-0.3981487464121065,-0.1753230862284995,-0.0372487883839447,0.4642074443890182,-0.1873518379765644,0.0748880402926622,-0.8124664809261002,-0.1744343000682879,-0.1725332621953611,1.132631382868066,-0.0420602919871221,0.0802434508779526,0.065622747918439,-0.1820610712155096,0.3499564965836275,-0.4894546077519485,-0.9347374492597126,-0.4140543020568177,0.2352022481399786,-0.5865513066426833,0.7459431708136773,-0.7427157588534655,0.5820980278990314
-2.483884931194706,-0.035721350036229,0.6045111228002846,-0.1252034285617221,-0.0549699587863701,0.6662087813992243,-0.7331222713122106,-0.3069961909088919,-0.2124213042059485,-0.0782402437452373,0.4390191021424649,-0.2234797348975287,0.0834079057428769,-0.8489977262191651,-0.2276151900143745,-0.2164794246621678,0.9160137756473778,-0.0238580826474666,0.1025202428717649,0.0234092510276375,-0.2155357347536707,0.3348010134809866,-0.4633493613647181,-1.0539321717671977,-0.4263829304237915,0.2947000218333851,-0.5868827443259179,0.73228734629448,-0.7303847700862094,0.5886351856903376
-2.4801439064186903,-0.0886206734672972,0.5961679973325733,-0.1335573858021173,-0.0435354009597281,0.6517697348255241,-0.7452941072666854,-0.2091608903487429,-0.2438019299991312,-0.1191680261314429,0.4199143029578573,-0.2644778699594346,0.0927969665174111,-0.8650927959209495,-0.260011607722284,-0.2231020948539162,0.6602471613966269,0.0015052997844438,0.0938043415099766,-0.0098318760479449,-0.284611555770671,0.2956085020030319,-0.4588292324782156,-1.109522711099526,-0.4551713477406547,0.338381643427497,-0.5797337092726087,0.6860036783614871,-0.7270055079229867,0.5621259524146588
-2.4797022338612424,-0.1451994497855122,0.586795724953679,-0.135010128273742,-0.0359349616340713,0.638780021852283,-0.7565983263781793,-0.0979794016127931,-0.2421926300068818,-0.1696307111313127,0.3899814454822283,-0.2960530959996991,0.091265443850561,-0.8577675134847362,-0.2723821843390668,-0.1884917719671123,0.4091587220351203,-0.0006631245493319,0.1578857483779137,-0.0437524778402572,-0.3187789293138761,0.283631458608525,-0.4384299588874981,-1.1738275353421628,-0.4850698051745838,0.3726532351966604,-0.5618778915934984,0.6262058211911027,-0.7358689659192256,0.5078324493317338
-2.480464710483688,-0.1987010642383553,0.578246469153625,-0.1316850254109866,-0.0321540042475845,0.6261820557702663,-0.7678028439154652,0.0086682969833858,-0.2159775983551646,-0.2191768429216505,0.3512814835879815,-0.3033752328942261,0.0851676819561143,-0.8441912644064561,-0.2766842684664495,-0.1535332797259811,0.232450498019889,-0.0104039150398677,0.1562716571117058,-0.0826243082670122,-0.3260516711654568,0.2877529210616127,-0.4061326881806382,-1.2280236890157674,-0.50426506972057,0.3890852401320386,-0.5324193310385162,0.5714021847900143,-0.7334159974297947,0.4479102160466446
-2.482785949622291,-0.2444444537912305,0.5720223596598691,-0.1273849519403054,-0.032593185132435,0.6192618656963237,-0.7740965702006409,0.0799577276775782,-0.181919475262256,-0.2482777806421512,0.3415878504221799,-0.2777394044118523,0.0766123622037974,-0.8403223540820411,-0.2741069832811336,-0.1686311719078965,0.2051050696410525,0.0221702427605875,0.2140621012755428,-0.1112790440463256,-0.3182267079905765,0.300647571949148,-0.3687345816891769,-1.2628945454756155,-0.5100261442526147,0.3795313322934887,-0.4938777849297449,0.5342165349543698,-0.713731767000043,0.4118985981186363
-2.4825481738117023,-0.2826872207560997,0.5679116411316258,-0.1267797791608418,-0.0338063650506971,0.62071577346975,-0.772978619266947,0.1193772323069723,-0.1671470834054406,-0.2567883000530729,0.3627628408753208,-0.2218632617007039,0.0600800832859785,-0.8582930024048253,-0.2583024579519622,-0.159571821824136,0.3140890573515868,0.1476233710804252,0.0942233545062569,-0.122376685159744,-0.3013941067989357,0.3083728733441379,-0.3261203490477963,-1.2739303187172168,-0.5117055369157172,0.3539712327822277,-0.4664940277550196,0.5212226320439787,-0.6915661381049644,0.4032134818982961
-2.484442024070335,-0.3191311831603726,0.5635451765463662,-0.1271806529089816,-0.0391958743743856,0.6340931872119527,-0.7617181860038914,0.1131997654659202,-0.164297774528253,-0.2318636602044223,0.4568087302358342,-0.1358689726086105,0.026848988297246,-0.9020196512265932,-0.2187470618061813,-0.1138631746046155,0.4745157988729029,0.1419959135590721,0.036775162009802,-0.1066384169733721,-0.2429192818910693,0.3321567488113862,-0.2625293335163305,-1.2965928549410544,-0.5010418772736213,0.3091248729532795,-0.4498345512008603,0.5475007033961665,-0.6694311342613247,0.4043817283735125
-2.4831730939252306,-0.355302038163297,0.5630387681568827,-0.1307719064773383,-0.0417911928399068,0.646146941619199,-0.750763834047335,0.0579110432376284,-0.1845676628524931,-0.206477099613403,0.6237055616791608,0.0362675205725176,-0.0580212574322752,-0.924384406085666,-0.196699344645869,-0.0885389254274595,0.6130075577269476,0.059699282261879,0.0019143326687987,-0.0946850139218237,-0.2055691108651377,0.3332188303850492,-0.2227723213692207,-1.242220685077294,-0.4805421699401349,0.2708066929862175,-0.4597018335688564,0.5692841714247371,-0.6702733950975759,0.4205261039618306
-2.481235026736905,-0.3925385014267187,0.5680570716215617,-0.1334594494287599,-0.0449464616524061,0.653950642476161,-0.7433148378366441,-0.03622114584399,-0.205141836646789,-0.1858951750731539,0.8444299734591111,0.2125443380570657,-0.1925938105356272,-0.909458211017072,-0.1826010579000655,-0.0787297294227241,0.6968103764879955,-0.0344115695947241,-0.014129463265341,-0.0939282980378116,-0.1712094693887646,0.3529017986194924,-0.2299125505096579,-1.144645417315358,-0.4254496554277899,0.2219047755244707,-0.4726077817758077,0.5701770333855297,-0.680659509256869,0.4439087058187301
-2.4812345187599933,-0.4302017342369441,0.5780352679147932,-0.1349027683390952,-0.0501776775595913,0.6562915571886399,-0.7406516291294336,-0.1773133377284976,-0.2088831937337824,-0.1258171855600378,1.0671384651679934,0.3298791065660191,-0.1971519533379543,-0.8630375559222648,-0.174373183560345,-0.0852168932933104,0.7219242838856789,-0.1117299384182486,0.0081396838491403,-0.1030906223437519,-0.144871666351476,0.3979892273094619,-0.3146180225995401,-1.0290891447403363,-0.3549533602583067,0.165760189657495,-0.4878299667813226,0.5359415461059444,-0.7128604534196762,0.4536219227386983
-2.4833229652467192,-0.4702371771221123,0.5902277029947615,-0.1316505082120961,-0.0543082664520193,0.6562021590236492,-0.7410246165784065,-0.3158130095958768,-0.2081860423433746,-0.0887854999164474,1.2148256780067197,0.2621146360086464,-0.1598317364323445,-0.7856601904088828,-0.1593859634824906,-0.1052422696034351,0.7053296065056219,-0.1700997246077377,0.0068144340083834,-0.1092436017463773,-0.1343220099739059,0.4215105326514769,-0.4669976825419376,-0.8939068682484702,-0.3498615176139983,0.107090473837126,-0.4964256773343553,0.4846990654783868,-0.7476143419484481,0.436193053448097
-2.4870701295267703,-0.5124719668705932,0.6002680707040673,-0.1242552933536307,-0.0597914466452196,0.6556256811719601,-0.742388423380563,-0.4548751218107441,-0.19112078185765,-0.0528448564660463,1.2893625756923384,0.1513573757376385,-0.111978675195591,-0.6978361869172905,-0.1324119817164387,-0.1332245715919271,0.6772206660427547,-0.2221155285096296,-0.0034003720526519,-0.1066209284285585,-0.1358020345058359,0.4066723491858983,-0.630160616694676,-0.7423248081099332,-0.4296206638731595,0.0530913170467841,-0.5031337960108891,0.431770092592227,-0.7923648517700533,0.3922275599700279
-2.490606417739731,-0.5576602170938527,0.607950449690044,-0.1164927415756766,-0.0673812111329071,0.6570310897593251,-0.7417542454452944,-0.5828552175347754,-0.1532724861632143,-0.0033493532159409,1.276967828907651,0.119369096136767,-0.0715702040658554,-0.607091284195761,-0.0950298486803762,-0.1561053781922633,0.6390558366681428,-0.267982996687652,-0.0141561803394085,-0.0912345483847441,-0.1165492209168019,0.3844663489107471,-0.7453486212437976,-0.6244795380640114,-0.5401006394484859,0.0123375975668602,-0.5159024568075474,0.3727835941335418,-0.8538900706665808,0.3399978791489246
-2.4949702383062213,-0.6076253385315606,0.611305433494013,-0.104543513211111,-0.0758653841039612,0.6612232333364265,-0.738985069562544,-0.676349252992317,-0.1090137184910443,0.0277804041428117,1.1875287462338984,0.0677641324269631,-0.0372135930374334,-0.5062135446645425,-0.0422940241799554,-0.1737101008671499,0.5959392548389985,-0.3141095834785917,-0.0276061083696791,-0.0678468089522923,-0.0691089164110423,0.3760545508184439,-0.8031617104250579,-0.5440561940756515,-0.6106162590304208,-0.0258081189889867,-0.5068587327610916,0.3208977787812313,-0.9130580789826678,0.3161029417541804
-2.4985388822651897,-0.6607920171345806,0.610395024758751,-0.0917024734381036,-0.0841967058187621,0.6690195686791456,-0.7327444218955009,-0.7460784512943776,-0.0641884782251454,0.0406574705853349,1.036996986918876,0.0261301445618118,-0.0483885279965597,-0.4004866439852281,0.014894772275156,-0.1765366129740466,0.5491656670216957,-0.3563665924684584,-0.0379523682295371,-0.0331167199478557,0.001300744466663,0.3948713034536554,-0.8115020382295735,-0.5263791593363512,-0.6184645169073737,-0.0623800878610862,-0.4864582422949294,0.2768083239275467,-0.9773799728237712,0.3195594318344554
-2.5035444108588423,-0.717320783301574,0.6054143760225864,-0.0768661669182082,-0.0927413838746922,0.6794225897148912,-0.7237924928357705,-0.7893906280147568,-0.0110941276759823,0.0535634419980837,0.838454388365574,0.0088940149003828,-0.0191166512042407,-0.2824975808860178,0.0783600392334556,-0.1673126074298948,0.4884184993853005,-0.389166392913309,-0.0487998602254181,0.0121549686999475,0.0928692286126403,0.4507581895640482,-0.7744471229190264,-0.5842325526869303,-0.596541364438331,-0.0908912609248627,-0.4630345773482913,0.239730646732614,-1.0554071687006206,0.3345106146026206
-2.5079431167670787,-0.7748690645445437,0.5966458825512659,-0.0635263519536291,-0.1000484233758345,0.6883524982319497,-0.7156294807826932,-0.8171565424636286,0.0349424955638339,0.057024313979355,0.6057924511543453,0.0302084182544963,-0.0298400396489756,-0.161042117010336,0.1303711862859246,-0.1513174513755128,0.4274829583051531,-0.414936561271981,-0.0545504732884872,0.0547410726232623,0.1665408870123652,0.5075177144094355,-0.7163573162950523,-0.6620768179154414,-0.5741334352291104,-0.1385839026926719,-0.4405832974134591,0.22783748293046,-1.111376732507399,0.350115652907807
-2.5101460862569622,-0.8328460682831171,0.5868467832268686,-0.0539084828259871,-0.1032605844357981,0.6981371752351067,-0.7064245265675053,-0.8330116780484197,0.0662663120500388,0.0380216273803518,0.3827244833614581,0.0398168437129679,-0.0497551931966066,-0.0291414810714693,0.1605400251883265,-0.112391934402701,0.3452335542320672,-0.4148722024938118,-0.05301829478435,0.1037210170448177,0.2426379462836939,0.5718927889002164,-0.636358302890687,-0.7727401380428933,-0.556798458181826,-0.1468819799498646,-0.4427682393739293,0.1957579339323663,-1.1944070289904505,0.3650770278468567
-2.508930959849309,-0.8850682586212482,0.5765006280864671,-0.0505850285716343,-0.1034955192109651,0.7087469618425527,-0.695993948584764,-0.8593077761597924,0.0838231038154506,0.001819740937389,0.2380840112759366,0.0470257706380566,-0.0714126737667565,0.0774769539410065,0.1587157275699686,-0.066361939757733,0.2915572656005014,-0.4118537408136342,-0.0388406579903618,0.156424887782799,0.2796055689924753,0.6049753946655975,-0.5662578206851037,-0.8420457251898639,-0.5406786432125391,-0.1409274434163686,-0.4581678300026338,0.1564278955089825,-1.265793665033718,0.3787447862566115
-2.5067627774879764,-0.9305131113583984,0.5671205061660965,-0.0503342868716824,-0.1037685518630731,0.7168279538669832,-0.6876454259022119,-0.8773894698387827,0.0880170554545982,0.0096573525835897,0.2014702068081268,0.0361595371665447,-0.0855973298147737,0.1493847991729524,0.1454341873895309,-0.032621610309093,0.27831858283125,-0.3899863599991237,-0.0361788100695778,0.2010517888551193,0.2827491037567547,0.6130491735138586,-0.5108844319973372,-0.8607339601457568,-0.5190305512093096,-0.1308597188773052,-0.4721324171442598,0.1169845745468075,-1.3075936934087995,0.385385507297989
-2.505753623041018,-0.9719062083003914,0.5612712364001812,-0.0486841236327357,-0.1044335513231335,0.7200499845427583,-0.6842890538537971,-0.8901202843763771,0.0789325379746164,-0.0012516456670488,0.2902644264436588,0.1019253150869743,-0.0552610334166167,0.1936822716899771,0.1377326441865663,-0.0143156052323085,0.3091348343099477,-0.3167176238993646,-0.0420656388396262,0.2273132065534106,0.2674153939636594,0.6068666744089201,-0.469538087123793,-0.8321519649583988,-0.4862176499497185,-0.1140129693058976,-0.4742879347583166,0.0824371104530423,-1.3187427081424945,0.3844140472725726
-2.5030944567193463,-1.0128593024926704,0.556617683321769,-0.0496172031889994,-0.1045882451125825,0.722069478349461,-0.6820667860027413,-0.9078648646071824,0.0655443484522678,-0.0217606128860168,0.4163046997570392,0.2025269581774492,-0.0155197226861803,0.193335757792532,0.1198315046880771,-8.424958082770147e-05,0.4159806081683156,-0.225596064324351,-0.0032443810580142,0.2451696082667717,0.2271936430675637,0.5854564766943046,-0.458940596800623,-0.7643566469681771,-0.4308844289350379,-0.0726168828423668,-0.4868309632536736,0.0431469855884044,-1.3230094825749112,0.3663232465787888
-2.50305463049151,-1.0534377675897668,0.5598869657240799,-0.0498058249406105,-0.105743929714151,0.7190186759635862,-0.6850910485082737,-0.9028213735565326,0.0547223144088909,-0.0309978395647467,0.5249123302931513,0.1895849398598491,0.0047074351640121,0.1370984323725173,0.1136317223490497,0.0020369917155574,0.6047439279251129,-0.0489659330908993,0.0670045608161867,0.2398233681180699,0.1664874295570954,0.5518103035704646,-0.46604378555396,-0.6609297863960693,-0.3875603174856619,-0.0507453766794972,-0.4806581485356174,0.035894954442128,-1.2749766053025704,0.3561559671096508
-2.5025844773570927,-1.0932034619473356,0.5689877472557756,-0.0523787639362075,-0.1077866283346933,0.7158994814494918,-0.6878418715817632,-0.8796860053122354,0.0439288304681758,-0.0344760395923649,0.6043275497900764,0.1080839669086604,0.0278319495528024,0.025090565799871,0.1036798187231462,-0.0075964528890307,0.859653648185853,0.1262667487161906,0.138198638713961,0.2278572833498969,0.0926624300651537,0.5091858624120217,-0.4907291113657678,-0.5581071926803343,-0.3679967586956107,-0.0360454753042362,-0.4825811728109042,0.0609983488167584,-1.195411909719039,0.3317045014798865
-2.500123761928005,-1.1317904437718995,0.5808781494848064,-0.0575488590060798,-0.1082259057152458,0.7144291607150572,-0.6888876951137909,-0.8319867334743778,0.0332365660201028,-0.0276068966965026,0.6309911265972183,0.0290099143565675,0.0281131398091006,-0.1219829383476206,0.0833804023382785,-0.0235150544149392,1.109077355482675,0.18570270861861,0.1435482434285024,0.2122073806181215,0.0195399493770208,0.4650522049008722,-0.5345015776775583,-0.4898166124324016,-0.3716578194275908,-0.0269806759250388,-0.501373963570706,0.1360433290012662,-1.096858212498802,0.2913464046646544
-2.497574443053645,-1.1693700722748357,0.5931884361212254,-0.0643606510390175,-0.1057865001586108,0.7136645571677818,-0.6894561790458763,-0.7664293578508616,0.0188077478860656,-0.0157838256182048,0.6162941415888505,-0.0259820431812549,0.0232466534354247,-0.2783900074564524,0.0597447360022738,-0.0386784509418081,1.2918396394468492,0.0941872985536293,0.1220521938994152,0.1905859884060083,-0.0446638628103925,0.4303170677895021,-0.5887021876988251,-0.4770860800725424,-0.3959876191617292,-0.025432462463328,-0.5217139963239025,0.2633341551454755,-0.9912712638096952,0.2684734590971161
-2.496050245545415,-1.2082131777112457,0.6039241502040342,-0.0721497219679524,-0.0994861840571245,0.7116771013639098,-0.691673781631169,-0.6892898842106778,-0.0048699446784376,-0.0029535694531853,0.5835878720990973,-0.0705161188878478,0.0351706461544259,-0.4298201503732918,0.0293431703141615,-0.0622328694925912,1.3913072593317437,0.039242879443112,0.108058437583445,0.1625310278459684,-0.1039429040621091,0.4052421876001513,-0.6345183446872318,-0.512456038991982,-0.4356337716746633,-0.0219606988284094,-0.5260045271476081,0.4097170735119958,-0.8893333696358392,0.3029816059008234
-2.4944089153370896,-1.2493277676111163,0.6120395988501689,-0.0809082615848267,-0.090376259395478,0.7078791866319183,-0.6958398106449043,-0.6084822593125684,-0.0376119801195743,0.0087510513106548,0.5481562440710831,-0.1025186229411001,0.0447208846446308,-0.5646678476926492,-0.0155239798510783,-0.0952556308500337,1.4096870097889993,0.0094729499172035,0.0896196029979151,0.1320873690564935,-0.1585034800739227,0.3855807502073385,-0.6493208783158378,-0.5841918014905849,-0.4750269663572366,-0.0134170818845552,-0.5137070857580869,0.5362089552006284,-0.7938565020768054,0.388695335196254
-2.493542137097511,-1.293628738643916,0.6159286493196862,-0.0905242980836258,-0.077864174492187,0.6992913591792151,-0.704793669639848,-0.5243725117009481,-0.0815319596359033,0.0103888971461985,0.5187530011017671,-0.1356954575424494,0.0551086394874673,-0.673029796553802,-0.0681883928501432,-0.1306034452089597,1.3522378149728065,-0.0150982686940373,0.0699964191363751,0.092635181474468,-0.2089004640812437,0.3585459099118999,-0.6320028730164879,-0.6716345211863893,-0.4983160676078937,0.0031503922656475,-0.4936317738668722,0.6052772770562574,-0.7138884627535785,0.4876570897645797
-2.4946307409549955,-1.3403005100331238,0.6175436918482546,-0.0984460676567824,-0.0687188915561398,0.6867070525964107,-0.7169515392413652,-0.4416504179800255,-0.1161864645332659,-0.0057064453945631,0.4946200174937332,-0.1698906027629469,0.060034930109875,-0.755480844536741,-0.1148527753618333,-0.1689975422298553,1.2209471716289169,-0.0249360147689162,0.0770792776803784,0.0454235379646139,-0.2365285671448005,0.3550012414564307,-0.5894905261865575,-0.7986906587688264,-0.4921690804924366,0.0340327173882149,-0.4810383759825462,0.6023123529183266,-0.6884456481507306,0.5339129246242108
-2.493306502603372,-1.3904408728657731,0.6152166029490583,-0.1079169211114168,-0.0564804722094153,0.6708206668155159,-0.7315487183845111,-0.3521074190813749,-0.1583925871459856,-0.0350957034729688,0.4730826626298011,-0.2058154357441055,0.0646580754627628,-0.8076223990497693,-0.1722889507875511,-0.2052010140886662,1.033530790926864,-0.0122592962759199,0.0689747186705528,-0.0070172251889291,-0.2615371034623057,0.340876579501455,-0.5456059639894838,-0.9253654597016964,-0.4727847560871041,0.0934762157955847,-0.4975605159739789,0.5410181113681848,-0.7157300854815045,0.5032702823888561
-2.491168511635261,-1.443109675263038,0.6102887955351675,-0.1166587375888217,-0.0450326358736818,0.6563341313625335,-0.7440351528382518,-0.2554516992821867,-0.1908200513826625,-0.072152080652057,0.4474869759166822,-0.2393275111632527,0.0686385778175296,-0.8292668591889919,-0.2148508219878435,-0.2124595522527997,0.7886678132995418,0.0155147761443842,0.124268001071961,-0.0502812611154141,-0.2892183931653832,0.3236914135776751,-0.5107700533713401,-1.0389495665085726,-0.4574333407434846,0.173460959314904,-0.5298295060054373,0.4534423486713574,-0.7769857961343016,0.4279092960347465
-2.4875282062206456,-1.498878242675291,0.6017876024777273,-0.1229475160118014,-0.0329146106859077,0.6444437800358167,-0.7539845827887144,-0.1515619547319609,-0.214095590025436,-0.1101517825939813,0.4291276359287048,-0.272094978820494,0.0764722789133052,-0.8284645262284975,-0.2432771359965534,-0.196835608942729,0.5312044390002642,0.0240048823044202,0.1261022204665828,-0.0796870700048889,-0.3433765992669209,0.2812779211644173,-0.4997753604180468,-1.0886636483709589,-0.4609100450707351,0.2388033294342136,-0.5486301722717108,0.3891861601860114,-0.8098298900408839,0.3774550865308141
-2.4872754189595305,-1.554750581289153,0.593965832147404,-0.1214125014459266,-0.0244757894527098,0.6348952763430863,-0.7626060111883113,-0.0370909445922878,-0.2046445182452426,-0.152810667683107,0.3916351927064657,-0.2839640351821304,0.0756092218926329,-0.8098905737337735,-0.2608758248195265,-0.175576271049328,0.3151478806208091,-0.0025363111331404,0.1819400646452422,-0.1041477381131122,-0.3589424022998223,0.2648710989379489,-0.4808515176668504,-1.145908648360101,-0.4774889188411083,0.2949372562125368,-0.5525978552769772,0.3698342766937591,-0.8283258464881602,0.3615076828115925
-2.4888287650707044,-1.604094438670432,0.5860943420367644,-0.1173071544389079,-0.0196104369750151,0.6276864123781181,-0.769327128076856,0.0540928395084893,-0.1796151681035299,-0.1864265262641138,0.3741849509523668,-0.2822857111840419,0.0623129849433968,-0.7935649442578508,-0.2638575589863182,-0.1909275971660861,0.2142431334418302,-0.0402771090391952,0.1649187719397794,-0.1233333112088135,-0.3580191298788454,0.2629948375134291,-0.4615748083591331,-1.192407086757329,-0.4926049004803749,0.3221811319476476,-0.5422549800628407,0.3995522173564857,-0.8187924498334286,0.3743702991022577
-2.4896935845764387,-1.6475498335722225,0.580881813107169,-0.1125097428751762,-0.0141354464146553,0.6278026584345249,-0.7700685482314962,0.1178144040132176,-0.1616259330761704,-0.2009545556416176,0.3907934354674237,-0.2361170232796275,0.043046878004966,-0.7763251480940543,-0.2582965978413541,-0.2283920780963304,0.2518346547357586,0.003185565015893,0.1651731422074601,-0.1257707480049228,-0.341162113931575,0.2628849366246243,-0.4409283342511068,-1.2218949747306938,-0.500966366850734,0.3308637817483293,-0.5269805278710435,0.4630438778334969,-0.7856422714057816,0.3990568573583306
-2.492760611729541,-1.688266325627773,0.5744085215090758,-0.1071336406369428,-0.0134369383361282,0.6342608503459553,-0.7655422950108324,0.141004117582739,-0.1464458494949686,-0.1978019781152997,0.4726236571555733,-0.1782963729371989,0.0336013125527572,-0.788949545585248,-0.2341469992389182,-0.2154608807308241,0.3664444638713298,0.1644891014712801,0.0480204110550345,-0.1156638312778022,-0.2728165136345167,0.3021522750188345,-0.4034726257721306,-1.2900298637175416,-0.4935592366197119,0.2980466298160316,-0.4940768279383196,0.5627209139200475,-0.7164995362926753,0.415334247535352
-2.4941960518993405,-1.7233260296222122,0.5725019035038161,-0.1072548322028787,-0.0142304749327087,0.6421460626706256,-0.7589086432166493,0.1008771472796642,-0.1484106012444219,-0.1713728292749627,0.6333885102106386,-0.0431683513573068,-0.0563166029760238,-0.8100899290956537,-0.2170312622768906,-0.1913710825384664,0.4948161900707064,0.1641693277339157,-0.0185664309272609,-0.0979122034995189,-0.2481823084982661,0.3117280824058096,-0.3900967538612839,-1.2714225900017853,-0.4866851024790036,0.2641681355350923,-0.476017174977063,0.6128781667176815,-0.664981162301311,0.4477086225450017
-2.49650357134042,-1.757096556488388,0.5755200810549029,-0.1086023295666375,-0.0157515976187488,0.6458048525660159,-0.7555749556379848,0.0174712727051731,-0.1498612687405332,-0.1384605202119083,0.850434999129264,0.0822938924942466,-0.1492247417588601,-0.8113308827215155,-0.2090925515537006,-0.1835396345285543,0.6112390377008126,0.0579680060877122,-0.0442002665649457,-0.0945680563897902,-0.2382365501174262,0.3171484396269831,-0.3941994552424963,-1.1916908686128422,-0.4678079993478022,0.2082117022612371,-0.4619080954963225,0.6108288712653549,-0.6128170390569929,0.4865177370237227
-2.501440517493857,-1.790257040874585,0.582498589937312,-0.1082407724048613,-0.0208999177675649,0.6434362689327882,-0.7575202284086942,-0.099955842350087,-0.1251474019980216,-0.092123539363211,1.0649436940310282,0.1261569574458739,-0.185186570199301,-0.7794208930337189,-0.1991650276283929,-0.2000335957093524,0.6589071806888189,-0.0228117859975837,-0.0467036155711027,-0.1101773585149838,-0.227220013079105,0.3465682550767065,-0.4308504071693641,-1.0842548814908315,-0.4319824477197974,0.1394214199531298,-0.4594644106373549,0.5566420386553543,-0.5937467633246565,0.4948648819944728
-2.510153795895228,-1.8257692920167885,0.5936555501805427,-0.1038660324697214,-0.026166154424005,0.6383494583772815,-0.7622579279030741,-0.2219577307001156,-0.0852851593074846,-0.0468533320145217,1.2130144719805938,0.0621302682138808,-0.1266266389510406,-0.7138157831626529,-0.1766471438809782,-0.234978776182518,0.6522603804459436,-0.073187668493134,-0.0549410769798689,-0.1321232492476248,-0.2204468012593379,0.3738615008800067,-0.5132760785415238,-0.9476877264820468,-0.4092893857810066,0.0733250262822522,-0.4654509928396764,0.4761656858447056,-0.6097373136690171,0.4565593054835392
-2.518112182325265,-1.86066269051946,0.6033374442064436,-0.0967333886659877,-0.034034334884733,0.6358907050800328,-0.7649361586164991,-0.3428999572618468,-0.0433712901721513,0.0012380628454995,1.2813973055913368,0.0228407634164002,-0.0583958062493458,-0.6466971770989165,-0.1394927314535721,-0.2683310467361995,0.6302019106175957,-0.104691306200943,-0.0634124805759276,-0.1428400491663497,-0.208542292110767,0.3893104878128117,-0.6178356543935585,-0.8137177933866748,-0.4313771440569667,0.0197008643505689,-0.4744018998963602,0.3883832450529718,-0.662750385625611,0.381755202280382
-2.5220374785014474,-1.897732652335158,0.6109881864475093,-0.0871184196807345,-0.0415441606008254,0.6398094984456999,-0.7624488634465689,-0.4408698667923307,-0.0158613280587035,0.0403090354658297,1.2675085516877516,-0.0029251118310146,-0.0328767099487137,-0.5772193023162197,-0.0935198841226577,-0.28673196636007,0.6062060077158975,-0.1273847450760225,-0.0690694083484829,-0.1346009155600173,-0.1906694706390648,0.381301032273028,-0.7125712242293464,-0.6828081235433163,-0.4881900382566507,-0.0154144707797877,-0.4785318858707161,0.310444795182377,-0.7429479578840532,0.3049783642667575
-2.5236821374817344,-1.937071467282019,0.6175241104116468,-0.0784529580319776,-0.0483564792388313,0.6488299061952228,-0.7553320707598439,-0.5203052238171958,-0.0051892307605099,0.0732880116765356,1.1853244736778603,-0.0393013932458483,-0.0179493800169456,-0.5037850021377205,-0.0447089283063428,-0.2890849046997062,0.5726397200730527,-0.1463356916021366,-0.0692078716082213,-0.1081448949679757,-0.1511212961681192,0.3780081336362503,-0.7707908969348772,-0.6002749233608724,-0.542472240613486,-0.0368467791877519,-0.482670172421962,0.2459554097711649,-0.8396830791943022,0.2494070595100199
-2.5256609216638752,-1.980024371387665,0.6199517867495822,-0.0659119429349781,-0.0547580361457456,0.6624805262371446,-0.7441617603804647,-0.5699251001779058,0.012972729073237,0.0995032997719742,1.039000251946802,-0.0584450810250321,-0.0202389846543378,-0.4219123480830273,0.0139213148564311,-0.2771972904715598,0.5415701501538738,-0.1761102047847001,-0.0692826404430927,-0.0695718031124337,-0.0852007897310998,0.3969945478773525,-0.7824707518869212,-0.5650823932425224,-0.5619236519050055,-0.0483809638126352,-0.4755057091669113,0.2072443468294499,-0.9465633710404184,0.235626615615534
-2.529226275055758,-2.0252595246689244,0.6193733029558447,-0.0521710407447055,-0.0606791495329579,0.6771960367303457,-0.731438138981201,-0.5932966948523185,0.04096298354828,0.126115012671265,0.8387206982848366,-0.0512299273709155,-0.0238616983942815,-0.3309414127119193,0.0747228849172703,-0.2557604977075901,0.5039031680237468,-0.2089838776333578,-0.0737621713413949,-0.0277673806447507,0.0011065802246495,0.4440878835180082,-0.7551246710379226,-0.5841936708974295,-0.5394600607205542,-0.0640890699309386,-0.4600652623622585,0.1881537594634713,-1.0494427936080757,0.2655004068178152
-2.5350799309019334,-2.072407888455527,0.6163527508806554,-0.0374137948975536,-0.066021264291035,0.6898805403424215,-0.7199348864096147,-0.5977275660731777,0.0731281459087026,0.1560549692630661,0.5992323865565736,-0.0232599604390004,-0.031170835969516,-0.223750379023997,0.1360528929454355,-0.2289724551415858,0.4444125482531065,-0.2394965672588157,-0.0835221005553745,0.0081716204060045,0.0964787636542721,0.50577992825169,-0.6951753544404865,-0.6330604390013924,-0.4991759054611288,-0.0916677786442971,-0.4318811710251236,0.1827310155269468,-1.1326723420682394,0.3275630248651636
-2.5403422351798004,-2.118458933668845,0.6105725050467355,-0.0262532079844271,-0.0692975472703262,0.7003532824339267,-0.7099393627605584,-0.6010381459575559,0.0919961269434674,0.1798894529605729,0.3748740302288486,0.0086894802776152,-0.0462938873510593,-0.119846292942609,0.1797681126142978,-0.1946845750593131,0.3921430464748816,-0.2767422126372981,-0.0880541794180591,0.0389709846552256,0.1680734193650095,0.5484840870855947,-0.6284356708866313,-0.6667090355245076,-0.4584701843830401,-0.1290767894079104,-0.4062712210269582,0.1826189105855246,-1.1912948178139249,0.3851300795886773
-2.5429147480075343,-2.1605297223249518,0.6058341395355518,-0.0211939242656259,-0.0680553412186843,0.7104898331347129,-0.7000881980993814,-0.6119057834165235,0.0884201778643876,0.1835242835362931,0.2274844435564681,0.0866434497366549,-0.0450958979589699,-0.0215062817783186,0.1950347197834629,-0.1521251668133721,0.336351602387654,-0.298235242624339,-0.0779757257551231,0.0696276572804095,0.2246579130181661,0.5726205887714391,-0.5639039911337826,-0.6926486767572657,-0.4164470824479433,-0.1382005618500437,-0.3998945154783092,0.1606776262918027,-1.2634474711300692,0.4237432899562147
-2.544133195229473,-2.1963918002974494,0.6006784007102977,-0.0195393137101341,-0.0656949724421186,0.7186449898316292,-0.6919911591960284,-0.6230191278701895,0.0714155997312631,0.10658255992299,0.1868737727062861,0.1388618082966466,-0.0644528337783473,0.0465176201569315,0.1926253961660187,-0.1168199447322019,0.322099307165881,-0.3186051906209013,-0.0665698010658224,0.090735832158988,0.2561508329853842,0.5778208566087839,-0.5181034321262684,-0.6846587476507605,-0.376771887263586,-0.1412685506211499,-0.3995535744323948,0.1310562813628353,-1.3229346432417006,0.4344522984109526
-2.5460821095629207,-2.229283105054828,0.5947719219960128,-0.015768950994261,-0.0659679377950178,0.72269604823131,-0.6878299159228686,-0.6275782186227641,0.0586605110460937,0.0047053020538029,0.2605399731006599,0.2653014068071057,-0.0062831443645788,0.0759777015617575,0.1929584261024282,-0.0959017790647821,0.38075397392365,-0.329554564015622,-0.0563345752650833,0.0946443953732112,0.2680643906870448,0.5778567241159207,-0.4974491014755885,-0.6355940377380851,-0.3486849293985667,-0.1451136794324151,-0.3882311730702474,0.0980342990848095,-1.3505115181711482,0.4244541937470685
-2.5464666638406643,-2.253478964894346,0.5943934158023756,-0.0180357995820334,-0.0659097066315106,0.7219477141501007,-0.6885652609147723,-0.6439206327882597,0.0512860421418819,-0.0086430998930009,0.3699012631163257,0.2132192440114516,0.0039108784184404,0.0539843466079667,0.1801611815893155,-0.1044014896113433,0.4954879909791348,-0.295616280120051,-0.0422063635583468,0.0796522101304485,0.2435059223362713,0.5527194408933286,-0.5141110822211953,-0.5516909569344962,-0.3503345590930839,-0.1529238785146476,-0.3790983631472791,0.0655989946027732,-1.3315603274741887,0.4069194719948458
-2.542477916714561,-2.2758773377893187,0.5941777489214157,-0.0244449747251556,-0.0647771547993779,0.7289935993498496,-0.6810100553837175,-0.6584693163553527,0.0486707358262206,0.0115141666915321,0.4773332864203514,0.1225595915019129,-0.0021996675428346,-0.0404325516618354,0.1377067601379362,-0.1110625315490035,0.7324666154246872,-0.1912246728922168,0.0271479766209682,0.0893681279296053,0.1692065162848721,0.4911151461112597,-0.5846549730835013,-0.4362775846444372,-0.3801928823627877,-0.1398153120590524,-0.3915053269343477,0.0275032077103197,-1.2825484404733318,0.3657234509404874
-2.54002204109748,-2.2998173860276325,0.5987477692278951,-0.0279469963864457,-0.06247695546329,0.7352307513099561,-0.6743525322538733,-0.6322957467163448,0.0474091953011491,0.0328807423363994,0.5115882710893238,0.0631323421343262,0.0042006569659674,-0.1311395537899402,0.0931526860265266,-0.1195046439350617,0.953666938539928,-0.0787060730397851,0.1433945244897805,0.0920696501438133,0.1228682675652413,0.441090108433882,-0.6402895603351596,-0.3856402508727802,-0.4326124182214184,-0.1385881008772501,-0.3992433689554602,0.0298841101404531,-1.1728799670772836,0.3273331037022758
